LON,LAT,CITY,DISTRICT,REGION,STREET,datetime,occupancy
161.35344052279396,73.70030943019961,杭州,海淀区,华中,街道0,2023-01-01 00:00:00,0.023286372642898567
-66.92573558891185,-3.924474775209333,杭州,西城区,华北,街道1,2023-01-01 01:00:00,0.4195451942313766
-161.65822803964966,-75.29946263202662,北京,东城区,华北,街道2,2023-01-01 02:00:00,0.10408351472882893
-161.89125910711095,73.32025840588898,杭州,东城区,华中,街道3,2023-01-01 03:00:00,0.8072484380561777
54.986793741529226,-31.720809396196238,上海,西城区,华东,街道4,2023-01-01 04:00:00,0.3964342326851964
7.189658656052643,-78.18203508648946,上海,西城区,华南,街道5,2023-01-01 05:00:00,0.16615359430816334
25.473863926035364,-42.20611069924877,北京,朝阳区,华北,街道6,2023-01-01 06:00:00,0.3819453503873733
49.55099456251844,68.74434031526346,深圳,朝阳区,华中,街道7,2023-01-01 07:00:00,0.46955514968766443
-50.28995648925212,68.78654264657851,杭州,西城区,华东,街道8,2023-01-01 08:00:00,0.2480056804001176
62.588002159377226,-24.08675319064777,杭州,东城区,华北,街道9,2023-01-01 09:00:00,0.6148276698290664
-30.79627784823242,-48.559554178604,北京,东城区,华南,街道10,2023-01-01 10:00:00,0.22250033753178577
88.76710399291449,-87.85063928977772,杭州,东城区,华东,街道11,2023-01-01 11:00:00,0.25016504860706357
-17.34760887191871,-44.506388830055634,深圳,西城区,华北,街道12,2023-01-01 12:00:00,0.5590896488180978
28.528837692702893,69.80234214909973,北京,海淀区,华东,街道13,2023-01-01 13:00:00,0.6456669184190797
5.602303640888437,-54.26110312310278,北京,海淀区,华东,街道14,2023-01-01 14:00:00,0.11741083353426207
87.30634835978134,18.401381460216825,广州,朝阳区,华北,街道15,2023-01-01 15:00:00,0.9862330725066929
25.37827082043242,-27.1821304863032,杭州,朝阳区,华东,街道16,2023-01-01 16:00:00,0.5169114613004511
30.58249343972946,11.18578990391309,上海,海淀区,华北,街道17,2023-01-01 17:00:00,0.44876181882277566
-87.15246881814416,-25.035051417833174,上海,东城区,华中,街道18,2023-01-01 18:00:00,0.4028569721355073
25.77501284692704,31.31644823333822,北京,西城区,华东,街道19,2023-01-01 19:00:00,0.7067873657412284
92.02922147159597,5.850070504631049,杭州,西城区,华中,街道20,2023-01-01 20:00:00,0.10061093814376953
-45.22626659268454,70.87265131476673,上海,朝阳区,华北,街道21,2023-01-01 21:00:00,0.317741559651174
-28.112320576580686,2.6216981693302728,北京,海淀区,华北,街道22,2023-01-01 22:00:00,0.6312034131749926
96.66852750397067,-31.05783521695338,北京,朝阳区,华北,街道23,2023-01-01 23:00:00,0.45361505098867794
179.16448619956418,89.94812997615387,杭州,东城区,华中,街道24,2023-01-02 00:00:00,0.3849385053452453
-152.55302505787378,-60.7287171417523,北京,西城区,华北,街道25,2023-01-02 01:00:00,0.4391433980691034
-75.17938146172887,58.38246419534252,广州,东城区,华北,街道26,2023-01-02 02:00:00,0.03967361747567566
81.28420259412093,7.855151744717489,杭州,东城区,华南,街道27,2023-01-02 03:00:00,0.26470316781292014
-58.212147226229675,36.44532192424106,杭州,东城区,华东,街道28,2023-01-02 04:00:00,0.365051334072944
-61.654103329099954,66.13313371189889,深圳,海淀区,华东,街道29,2023-01-02 05:00:00,0.5293178784499406
-27.688979772380435,-48.41424240310751,深圳,朝阳区,华北,街道30,2023-01-02 06:00:00,0.7597607750395099
48.46318283908707,-5.532284869983513,上海,海淀区,华南,街道31,2023-01-02 07:00:00,0.8884850654014433
170.0619585455819,-22.415401017057746,杭州,海淀区,华东,街道32,2023-01-02 08:00:00,0.8438865208419563
-160.22817454209513,-25.011029021980264,北京,东城区,华中,街道33,2023-01-02 09:00:00,0.15397722535744607
-71.63179196445753,-24.83942974650965,上海,东城区,华南,街道34,2023-01-02 10:00:00,0.613468740490289
-106.83188082670937,43.78044348865009,广州,西城区,华北,街道35,2023-01-02 11:00:00,0.5827411876276849
128.61477039965246,-22.779238116611637,北京,朝阳区,华南,街道36,2023-01-02 12:00:00,0.020246006591874255
139.22901597035099,-16.558639441788415,深圳,东城区,华东,街道37,2023-01-02 13:00:00,0.848672307438098
-5.257211349338405,73.98584591000656,广州,西城区,华南,街道38,2023-01-02 14:00:00,0.09819210368140019
-4.454976054533802,23.279890693340974,上海,西城区,华中,街道39,2023-01-02 15:00:00,0.6763777465304482
-150.68951535481682,50.21070380691137,北京,东城区,华南,街道40,2023-01-02 16:00:00,0.6821631555532061
-40.88747737035007,89.91998178191707,杭州,西城区,华东,街道41,2023-01-02 17:00:00,0.9402022981342785
82.11498878486015,40.07917434190466,广州,海淀区,华南,街道42,2023-01-02 18:00:00,0.9675113647397633
110.79713145434704,13.63826629041857,杭州,西城区,华南,街道43,2023-01-02 19:00:00,0.744918200416805
-46.59344171475789,84.13569602843103,深圳,西城区,华南,街道44,2023-01-02 20:00:00,0.32098925690656865
80.5902693257363,-49.60968644872632,上海,海淀区,华北,街道45,2023-01-02 21:00:00,0.006765229087553615
-164.15120199744615,-26.56703416307859,北京,西城区,华东,街道46,2023-01-02 22:00:00,0.8389248971047785
-45.12130848081128,85.16306069336093,深圳,朝阳区,华南,街道47,2023-01-02 23:00:00,0.8335642089514863
-0.8884443442499332,76.30576524914716,深圳,朝阳区,华中,街道48,2023-01-03 00:00:00,0.061570002144840874
103.35469511564872,49.900621966989604,深圳,东城区,华中,街道49,2023-01-03 01:00:00,0.8856607029760583
-105.45542017375148,31.371610217534567,上海,海淀区,华南,街道50,2023-01-03 02:00:00,0.7484390155168401
-134.38664165488623,38.5214015315849,北京,海淀区,华南,街道51,2023-01-03 03:00:00,0.2575936406432616
-46.10818993554119,62.92746685386567,深圳,海淀区,华东,街道52,2023-01-03 04:00:00,0.8862376698030253
126.49142060823931,16.07768611883705,深圳,朝阳区,华中,街道53,2023-01-03 05:00:00,0.22053815154654788
174.8695942856242,-59.84413549119343,杭州,朝阳区,华中,街道54,2023-01-03 06:00:00,0.7479567365217769
49.473761122911014,67.2504927312039,杭州,海淀区,华中,街道55,2023-01-03 07:00:00,0.8668575056669616
28.09308196987641,-28.24429210489373,上海,海淀区,华中,街道56,2023-01-03 08:00:00,0.3847723618479052
-144.81074127021117,19.64038470073531,杭州,朝阳区,华东,街道57,2023-01-03 09:00:00,0.32079527940128894
-149.67794150840757,77.25216769747192,深圳,东城区,华北,街道58,2023-01-03 10:00:00,0.546079726170956
-3.2834020368716494,-58.54259530673711,深圳,朝阳区,华中,街道59,2023-01-03 11:00:00,0.6227103281387634
-119.92543137832715,-43.191460732535425,广州,海淀区,华北,街道60,2023-01-03 12:00:00,0.3244508477481538
-84.79736324794105,-73.98866469571587,杭州,朝阳区,华北,街道61,2023-01-03 13:00:00,0.31093830216094054
-38.18322167755039,-61.26518010464412,上海,海淀区,华东,街道62,2023-01-03 14:00:00,0.501998059934849
-96.91799810773897,46.02490099772271,杭州,东城区,华北,街道63,2023-01-03 15:00:00,0.22088528768517213
31.693575642235402,-24.0317687498398,广州,西城区,华东,街道64,2023-01-03 16:00:00,0.35529980990265797
117.99696708744386,-24.746442828513565,杭州,海淀区,华中,街道65,2023-01-03 17:00:00,0.5243229659801496
118.99535043722528,3.957210598934296,杭州,东城区,华南,街道66,2023-01-03 18:00:00,0.7180337492058725
-72.927884523127,-26.468563482325713,广州,海淀区,华南,街道67,2023-01-03 19:00:00,0.5417145402752346
-98.0837877749268,-19.447765740993333,上海,海淀区,华东,街道68,2023-01-03 20:00:00,0.8169376130595102
3.1660388196654026,-17.7866505708313,北京,海淀区,华南,街道69,2023-01-03 21:00:00,0.9358243439331818
19.392082652316162,-61.81520766545252,深圳,西城区,华东,街道70,2023-01-03 22:00:00,0.8886538258539102
-44.840081828675636,57.90358083836233,上海,东城区,华东,街道71,2023-01-03 23:00:00,0.5789803197091594
-124.60852016160538,-66.08612123357095,上海,海淀区,华东,街道72,2023-01-04 00:00:00,0.006088349169960927
-131.88812108991556,-1.2389949601778056,杭州,海淀区,华中,街道73,2023-01-04 01:00:00,0.4993260974235434
-10.734441908575036,24.637951878049307,北京,东城区,华中,街道74,2023-01-04 02:00:00,0.36801845103225517
-148.68406993539932,50.26537920343972,上海,海淀区,华南,街道75,2023-01-04 03:00:00,0.5986560184251454
-141.629471784913,-43.44535834532654,广州,东城区,华北,街道76,2023-01-04 04:00:00,0.7372449856859576
23.869187553486626,65.04584360268257,北京,西城区,华东,街道77,2023-01-04 05:00:00,0.4896596271843042
-160.52338685025657,9.145405894572576,上海,朝阳区,华东,街道78,2023-01-04 06:00:00,0.077833075124081
-64.80999556946718,1.6575971327563508,杭州,海淀区,华南,街道79,2023-01-04 07:00:00,0.27084962320856476
-96.69620215314208,39.51281858398602,北京,海淀区,华东,街道80,2023-01-04 08:00:00,0.9845249450021221
96.0062431189275,-23.635641911339903,杭州,东城区,华中,街道81,2023-01-04 09:00:00,0.7993386470813726
61.75019222695752,62.03469959273414,广州,朝阳区,华东,街道82,2023-01-04 10:00:00,0.7594814110646162
158.6934402750121,-75.44338981056333,深圳,海淀区,华北,街道83,2023-01-04 11:00:00,0.7013672048113341
-31.15525276057906,78.15719506264779,上海,海淀区,华北,街道84,2023-01-04 12:00:00,0.9873297110323097
168.39711719685624,-35.51537976894251,上海,海淀区,华中,街道85,2023-01-04 13:00:00,0.5106879076608636
-102.74509211957205,-60.653910425214065,杭州,朝阳区,华中,街道86,2023-01-04 14:00:00,0.4254590738084095
-174.60705194678565,-22.81005586640636,北京,海淀区,华东,街道87,2023-01-04 15:00:00,0.3191651560460047
-8.12779283892786,58.52963597284028,广州,朝阳区,华南,街道88,2023-01-04 16:00:00,0.7214500664348203
36.521578027766225,17.090369814011083,广州,朝阳区,华中,街道89,2023-01-04 17:00:00,0.46004347652290434
9.89702866079935,43.79724746852605,上海,东城区,华东,街道90,2023-01-04 18:00:00,0.582809258970779
101.75887875484023,-25.498222132267415,上海,海淀区,华北,街道91,2023-01-04 19:00:00,0.7853906211249193
-18.158214208592312,-1.6032102010185412,广州,海淀区,华中,街道92,2023-01-04 20:00:00,0.09694639098311741
19.883817450501255,17.57161356674608,深圳,朝阳区,华中,街道93,2023-01-04 21:00:00,0.07190108970572362
-38.38030549287424,-60.88378230826095,广州,东城区,华中,街道94,2023-01-04 22:00:00,0.23891224940306655
27.254015890911404,71.96054603212164,深圳,海淀区,华北,街道95,2023-01-04 23:00:00,0.1774224570870535
-78.11143543013256,69.8308583049049,上海,海淀区,华东,街道96,2023-01-05 00:00:00,0.34936063587287935
70.12382360117019,48.228051202040604,上海,海淀区,华南,街道97,2023-01-05 01:00:00,0.8701020941254743
-130.4873161698597,7.066408384290995,深圳,朝阳区,华中,街道98,2023-01-05 02:00:00,0.7421995853338912
55.211595936956,81.65227805067138,深圳,东城区,华北,街道99,2023-01-05 03:00:00,0.2065689486447988
122.63637540376061,-43.54994301513761,广州,海淀区,华南,街道100,2023-01-05 04:00:00,0.4685837300281849
-175.27216972895732,83.55253279277738,上海,西城区,华东,街道101,2023-01-05 05:00:00,0.5768451176543321
135.39657621974555,-41.783168633224776,上海,东城区,华东,街道102,2023-01-05 06:00:00,0.512611905859875
94.96176169282751,70.62199786884051,杭州,东城区,华中,街道103,2023-01-05 07:00:00,0.7424053339727764
118.23921296342502,-15.719842423274358,北京,朝阳区,华北,街道104,2023-01-05 08:00:00,0.6788952885354965
-53.904137127964006,-12.857881844546668,深圳,西城区,华中,街道105,2023-01-05 09:00:00,0.8016955839733106
113.02044364202447,60.7366854391054,北京,东城区,华北,街道106,2023-01-05 10:00:00,0.6241653862743585
-2.4853697930382737,-77.11759163642078,上海,朝阳区,华中,街道107,2023-01-05 11:00:00,0.35324981319015836
-134.24619385714468,-3.0885589864782474,广州,西城区,华南,街道108,2023-01-05 12:00:00,0.8422898234722526
-108.5231187678799,15.427872924960397,北京,朝阳区,华北,街道109,2023-01-05 13:00:00,0.031117671893354792
-108.51291271669072,77.02415216606943,广州,朝阳区,华东,街道110,2023-01-05 14:00:00,0.5740604636374581
-64.60836615145232,-7.694543387835736,北京,西城区,华南,街道111,2023-01-05 15:00:00,0.814119420367987
-56.59151986180436,-24.34069007062287,广州,东城区,华南,街道112,2023-01-05 16:00:00,0.1431707982090048
91.47462013042662,-13.552119071981252,杭州,西城区,华南,街道113,2023-01-05 17:00:00,0.8575480652587363
140.84195100586317,32.76407374066892,深圳,海淀区,华南,街道114,2023-01-05 18:00:00,0.29810901231775255
122.45087294882876,-75.80430695254725,北京,西城区,华北,街道115,2023-01-05 19:00:00,0.004522613493513794
129.4436664211853,-55.33151100771504,北京,朝阳区,华东,街道116,2023-01-05 20:00:00,0.8661550050934919
167.6603317810293,40.90105968016897,北京,朝阳区,华中,街道117,2023-01-05 21:00:00,0.18978029473918756
-144.47114155821072,89.28973029349922,上海,东城区,华北,街道118,2023-01-05 22:00:00,0.17302176296482763
66.06056806312239,14.527824809552598,杭州,西城区,华东,街道119,2023-01-05 23:00:00,0.14001153984215442
-139.13386983648667,31.29569357413547,上海,东城区,华东,街道120,2023-01-06 00:00:00,0.41732246911565385
64.52251367643112,12.95902154326528,上海,西城区,华南,街道121,2023-01-06 01:00:00,0.28171801771681293
-76.4264636501861,16.89905554798537,北京,朝阳区,华中,街道122,2023-01-06 02:00:00,0.9893630043807008
28.511267275644116,45.331557660647036,北京,朝阳区,华南,街道123,2023-01-06 03:00:00,0.5962904387339606
-116.82632360328438,-34.05788434611591,广州,东城区,华东,街道124,2023-01-06 04:00:00,0.3590164736581879
-139.88303618785494,78.94758257256515,深圳,东城区,华东,街道125,2023-01-06 05:00:00,0.6151764937817795
-102.15225341448208,-19.898461799436618,广州,朝阳区,华中,街道126,2023-01-06 06:00:00,0.16948747330812475
46.437241693654386,-3.8556212918162913,北京,西城区,华中,街道127,2023-01-06 07:00:00,0.3915362093688991
-57.66433061606544,-2.452798143644557,北京,东城区,华中,街道128,2023-01-06 08:00:00,0.20670065873423504
-66.77477996628072,-24.422591359676176,杭州,朝阳区,华北,街道129,2023-01-06 09:00:00,0.19256226675559884
88.38003106386361,84.3535920999415,上海,朝阳区,华东,街道130,2023-01-06 10:00:00,0.8713670525699755
-53.60926744915379,-48.291709594852456,上海,朝阳区,华南,街道131,2023-01-06 11:00:00,0.37783008635560167
-142.1412551779323,-54.44928063614501,广州,东城区,华中,街道132,2023-01-06 12:00:00,0.6577739808057902
-94.08166785302367,72.61017434764628,北京,西城区,华中,街道133,2023-01-06 13:00:00,0.34656677085754206
-100.64101260165629,-4.1411973171027086,广州,西城区,华东,街道134,2023-01-06 14:00:00,0.916884434275629
67.62105302753503,-40.49408417601963,广州,海淀区,华北,街道135,2023-01-06 15:00:00,0.550842683227867
24.462876136471323,-50.711602048627874,上海,西城区,华中,街道136,2023-01-06 16:00:00,0.5480053260505053
9.79726054415579,30.654368521463283,深圳,东城区,华北,街道137,2023-01-06 17:00:00,0.28535470606540425
112.99535218930134,83.3653503510281,深圳,海淀区,华南,街道138,2023-01-06 18:00:00,0.6464466653117008
-14.59392017295815,45.900170659182635,广州,朝阳区,华东,街道139,2023-01-06 19:00:00,0.7929150067913004
157.83966927649777,-42.81241776264325,上海,朝阳区,华中,街道140,2023-01-06 20:00:00,0.9602687919812101
-172.5826197601022,-43.68211327832676,北京,西城区,华南,街道141,2023-01-06 21:00:00,0.3343353331706468
-142.109677266422,5.022721944885234,杭州,朝阳区,华南,街道142,2023-01-06 22:00:00,0.6026889610366724
-82.39084093887959,-24.854361072764462,广州,海淀区,华北,街道143,2023-01-06 23:00:00,0.0022820151475014816
27.196866760478457,-87.28007161865294,上海,东城区,华东,街道144,2023-01-07 00:00:00,0.5796257386153904
-158.90766254655188,3.0228094603039324,上海,朝阳区,华中,街道145,2023-01-07 01:00:00,0.44216013169901736
116.12504137528839,30.233591035741313,广州,朝阳区,华中,街道146,2023-01-07 02:00:00,0.3805688207143987
-117.08943191715701,82.87759427272468,北京,朝阳区,华北,街道147,2023-01-07 03:00:00,0.7219363881990251
83.25846294099392,80.46139985782776,深圳,东城区,华北,街道148,2023-01-07 04:00:00,0.36270589654786267
-148.652132975773,-4.206772313523288,深圳,朝阳区,华南,街道149,2023-01-07 05:00:00,0.04543242387849511
159.7410721694597,-28.57198752116105,广州,东城区,华中,街道150,2023-01-07 06:00:00,0.559641446698974
-81.80330543104148,54.19519670691747,杭州,朝阳区,华北,街道151,2023-01-07 07:00:00,0.2538886336182854
-25.391886478803286,-8.199308588102852,北京,朝阳区,华北,街道152,2023-01-07 08:00:00,0.3332884694388514
-176.31490337479232,-64.55145686878808,杭州,海淀区,华东,街道153,2023-01-07 09:00:00,0.11701125934359535
102.02479630852861,-88.33127217104875,北京,东城区,华东,街道154,2023-01-07 10:00:00,0.9780814821530472
101.92532491026088,-65.38580381989176,广州,朝阳区,华东,街道155,2023-01-07 11:00:00,0.07009338578929236
111.67692784021949,40.126651910028414,深圳,东城区,华北,街道156,2023-01-07 12:00:00,0.6226183790299046
-84.45479101262069,23.404684849344704,广州,海淀区,华南,街道157,2023-01-07 13:00:00,0.4514039853092714
60.798991742432605,-73.86376605844814,杭州,西城区,华中,街道158,2023-01-07 14:00:00,0.7584829292205891
-123.49289736008862,63.04412037610527,深圳,朝阳区,华东,街道159,2023-01-07 15:00:00,0.26773757519941677
-92.83065499221821,74.300069466162,杭州,东城区,华北,街道160,2023-01-07 16:00:00,0.7850604477903619
-77.4081107392281,-14.948646884355128,杭州,东城区,华东,街道161,2023-01-07 17:00:00,0.8863820882550419
-51.62013763801468,77.37513280853176,北京,东城区,华东,街道162,2023-01-07 18:00:00,0.1687963806097721
-110.16188857713018,12.678267483093691,深圳,西城区,华南,街道163,2023-01-07 19:00:00,0.15510345410155957
-0.05071402584425755,-47.83379034708625,杭州,海淀区,华东,街道164,2023-01-07 20:00:00,0.869847709640237
-21.02255628615248,63.80158894073148,上海,东城区,华东,街道165,2023-01-07 21:00:00,0.998984702933778
-110.27358185209211,-41.438317239758526,杭州,朝阳区,华中,街道166,2023-01-07 22:00:00,0.19385391165249688
173.08608755658202,30.221629638927823,深圳,西城区,华东,街道167,2023-01-07 23:00:00,0.3190441350492308
65.64445714283997,-4.237251837335208,杭州,东城区,华东,街道168,2023-01-08 00:00:00,0.6421377973184025
66.63912791647937,51.794919459710144,上海,朝阳区,华北,街道169,2023-01-08 01:00:00,0.14272305353706494
-91.03696976878518,33.076072250454786,北京,东城区,华北,街道170,2023-01-08 02:00:00,0.06091638815206191
159.8160633190509,-77.45217910590002,广州,西城区,华中,街道171,2023-01-08 03:00:00,0.20843101870698366
-17.829273049288872,85.84495507550739,深圳,西城区,华中,街道172,2023-01-08 04:00:00,0.31467606552439964
-129.31317481975626,-44.21776946324255,上海,朝阳区,华南,街道173,2023-01-08 05:00:00,0.6062158647121855
76.12892709364013,32.18906089167463,深圳,朝阳区,华北,街道174,2023-01-08 06:00:00,0.07692850265139128
135.78735284791765,79.76490964717308,上海,海淀区,华中,街道175,2023-01-08 07:00:00,0.2908792903756824
78.36716612816275,19.779830753410238,上海,西城区,华东,街道176,2023-01-08 08:00:00,0.2271599723528297
-142.29669576891985,-69.3682541241485,深圳,海淀区,华北,街道177,2023-01-08 09:00:00,0.3006649908479294
126.82816973119407,-30.298336199272086,深圳,西城区,华中,街道178,2023-01-08 10:00:00,0.6700754276364969
-3.5263193481077053,-24.169520809910082,广州,朝阳区,华北,街道179,2023-01-08 11:00:00,0.5826784045561191
82.55348539345857,-89.9383869262269,杭州,海淀区,华东,街道180,2023-01-08 12:00:00,0.2807537756109404
137.87186052697825,15.951468262822573,深圳,东城区,华北,街道181,2023-01-08 13:00:00,0.5278727431870144
108.5930473593341,10.143200657354868,北京,东城区,华东,街道182,2023-01-08 14:00:00,0.5887469217278161
-24.6761034200035,-50.006936402135295,深圳,东城区,华北,街道183,2023-01-08 15:00:00,0.5395522129888656
-34.07871615525525,-11.410462997302787,上海,东城区,华南,街道184,2023-01-08 16:00:00,0.5866264499075963
127.84294545552837,-52.79490502602245,深圳,东城区,华南,街道185,2023-01-08 17:00:00,0.014638052485666964
127.11935729358282,-75.05097876931976,北京,西城区,华南,街道186,2023-01-08 18:00:00,0.4366008682318482
72.681069111503,-43.91898021418734,北京,朝阳区,华中,街道187,2023-01-08 19:00:00,0.024810817554059228
-87.5020019949051,34.890941749581586,广州,东城区,华中,街道188,2023-01-08 20:00:00,0.6826169612597113
-65.28883802092088,36.397792015019306,广州,西城区,华北,街道189,2023-01-08 21:00:00,0.638847286978436
71.24536396875172,1.083612645197718,深圳,东城区,华东,街道190,2023-01-08 22:00:00,0.461596604314101
-123.57153071349074,-58.90028665988814,北京,西城区,华东,街道191,2023-01-08 23:00:00,0.10001114652673415
48.272159104095834,70.46958989053275,上海,海淀区,华南,街道192,2023-01-09 00:00:00,0.7725354266480372
104.18158203029702,-25.60418535879262,深圳,西城区,华中,街道193,2023-01-09 01:00:00,0.3570019336371334
52.73521586524154,-86.40609402432513,上海,海淀区,华北,街道194,2023-01-09 02:00:00,0.07147746795564336
-145.65432639576275,9.480782486508787,北京,朝阳区,华东,街道195,2023-01-09 03:00:00,0.5001987486411624
-141.99502175519035,12.017046021298484,北京,海淀区,华南,街道196,2023-01-09 04:00:00,0.585234555528481
-63.96340025432602,60.49041620569653,广州,海淀区,华中,街道197,2023-01-09 05:00:00,0.7020517605871083
-11.764785723058935,16.089025264507754,杭州,东城区,华南,街道198,2023-01-09 06:00:00,0.4143890237973805
108.73298058357102,-45.05002531772219,北京,朝阳区,华东,街道199,2023-01-09 07:00:00,0.29706260690693387
139.07369407808397,48.23942170778858,杭州,朝阳区,华东,街道200,2023-01-09 08:00:00,0.14956434566690224
-63.63451799156397,14.731833671032504,上海,海淀区,华南,街道201,2023-01-09 09:00:00,0.11886446824973607
-148.85028508872722,-78.3311188188635,广州,东城区,华东,街道202,2023-01-09 10:00:00,0.3442691943378694
91.79745569793016,82.69271878727375,杭州,东城区,华东,街道203,2023-01-09 11:00:00,0.7084516671354502
-167.494933371328,29.187561301033583,上海,西城区,华中,街道204,2023-01-09 12:00:00,0.590444081553563
-83.10514619547932,-51.111371208099285,深圳,海淀区,华南,街道205,2023-01-09 13:00:00,0.30387496739626163
49.77765212219819,-78.36668557509985,深圳,朝阳区,华中,街道206,2023-01-09 14:00:00,0.5161207363342166
-155.74507810788361,50.64372012853701,北京,海淀区,华东,街道207,2023-01-09 15:00:00,0.39763151394427876
-123.92845728711805,20.60032565579469,北京,朝阳区,华中,街道208,2023-01-09 16:00:00,0.2733271848088076
-125.35415689937085,37.67489382735947,上海,西城区,华东,街道209,2023-01-09 17:00:00,0.9348300450395931
140.27721145811802,-19.50112655458024,广州,海淀区,华东,街道210,2023-01-09 18:00:00,0.9868791650916855
53.31174027195539,78.68344910322108,深圳,东城区,华南,街道211,2023-01-09 19:00:00,0.39096693117500547
23.393985373527414,-38.76931869643369,深圳,海淀区,华南,街道212,2023-01-09 20:00:00,0.5042437319218693
170.25237048851938,51.50477894047694,北京,西城区,华中,街道213,2023-01-09 21:00:00,0.24254609567151553
-170.18726675924003,26.16730421369178,深圳,朝阳区,华北,街道214,2023-01-09 22:00:00,0.6901455010844645
11.572674345752318,-84.05347239364237,北京,海淀区,华南,街道215,2023-01-09 23:00:00,0.8813846394700385
139.7767039512085,68.24619918526946,广州,朝阳区,华东,街道216,2023-01-10 00:00:00,0.7027229146591656
171.5281192757592,73.47021088590233,上海,朝阳区,华中,街道217,2023-01-10 01:00:00,0.7213265239834347
-50.57223747711018,-8.661802070813593,广州,东城区,华中,街道218,2023-01-10 02:00:00,0.3277443193628041
-52.99570228633506,76.07714207658961,杭州,朝阳区,华东,街道219,2023-01-10 03:00:00,0.3919934281051588
89.45500340585028,-13.94668400055049,北京,朝阳区,华南,街道220,2023-01-10 04:00:00,0.7940611151032141
19.0778446127091,-77.77088581809024,北京,东城区,华东,街道221,2023-01-10 05:00:00,0.004712876326391502
-135.40095219335873,2.0600706094717793,上海,海淀区,华东,街道222,2023-01-10 06:00:00,0.850770046724524
-94.71469062669063,43.11195956791735,广州,西城区,华南,街道223,2023-01-10 07:00:00,0.2514872169468777
80.84728352339113,-47.53400824304766,广州,西城区,华中,街道224,2023-01-10 08:00:00,0.08961332437194369
156.54592937112545,-59.836403292746226,北京,海淀区,华南,街道225,2023-01-10 09:00:00,0.845773529899017
8.036663759839172,87.98304918129273,北京,东城区,华北,街道226,2023-01-10 10:00:00,0.22850372648705863
107.50704619255305,-55.643996723941605,广州,海淀区,华东,街道227,2023-01-10 11:00:00,0.29667387153634206
-50.980941226895595,14.531937333793294,深圳,朝阳区,华北,街道228,2023-01-10 12:00:00,0.4228714461242773
-18.11611647738806,-4.815286466212143,广州,东城区,华南,街道229,2023-01-10 13:00:00,0.19503295432496004
117.94656111457022,9.19555148685717,上海,朝阳区,华南,街道230,2023-01-10 14:00:00,0.26546702129964905
47.11915982243514,62.53717724045231,北京,东城区,华北,街道231,2023-01-10 15:00:00,0.6381167440092809
-67.81653682458574,69.0511104858187,深圳,东城区,华南,街道232,2023-01-10 16:00:00,0.1566801655484894
-94.19840302473084,-76.28780006809117,深圳,东城区,华中,街道233,2023-01-10 17:00:00,0.9750407535771711
-45.573348153844876,-53.72224616730007,杭州,西城区,华南,街道234,2023-01-10 18:00:00,0.5368183463959162
-121.89492548988883,82.49706191138776,北京,朝阳区,华北,街道235,2023-01-10 19:00:00,0.4392755657990416
82.01841510290893,20.56840587939317,深圳,东城区,华北,街道236,2023-01-10 20:00:00,0.6849340839740204
-77.07363923599989,-76.5835430294475,上海,西城区,华南,街道237,2023-01-10 21:00:00,0.1500913814903454
-117.22596601375729,-77.75591896110745,深圳,海淀区,华东,街道238,2023-01-10 22:00:00,0.6537418841260811
115.61971037783883,-77.93660426887185,上海,海淀区,华南,街道239,2023-01-10 23:00:00,0.5178831477146386
169.86027551632247,-28.79694236609304,北京,东城区,华东,街道240,2023-01-11 00:00:00,0.13712189561643695
161.36346530835812,-34.39566687368038,北京,海淀区,华中,街道241,2023-01-11 01:00:00,0.5169563574074613
8.278328708013959,-67.93252110662924,深圳,东城区,华南,街道242,2023-01-11 02:00:00,0.370725895515448
-71.62354457420061,-9.950399783870068,上海,东城区,华东,街道243,2023-01-11 03:00:00,0.42003745431388917
-9.411058913789958,74.78898325704435,广州,海淀区,华东,街道244,2023-01-11 04:00:00,0.1701135961576299
1.8257658876616176,-37.703324373051274,深圳,西城区,华南,街道245,2023-01-11 05:00:00,0.38139241185248085
-65.02302486687975,11.42213210095234,广州,海淀区,华南,街道246,2023-01-11 06:00:00,0.3032000419165105
161.851981788493,-51.38979503101775,北京,西城区,华南,街道247,2023-01-11 07:00:00,0.9935586734939931
-0.9403621632108923,57.51268749516046,北京,海淀区,华东,街道248,2023-01-11 08:00:00,0.5356420391518791
161.85016854762512,40.73907857816215,北京,朝阳区,华中,街道249,2023-01-11 09:00:00,0.5041400107580283
5.956911073449987,-87.88420760085819,广州,朝阳区,华北,街道250,2023-01-11 10:00:00,0.4385931435439995
61.606840776446575,70.6125890794074,广州,朝阳区,华中,街道251,2023-01-11 11:00:00,0.9588967742401954
15.865657957596653,-47.707033054969074,上海,朝阳区,华北,街道252,2023-01-11 12:00:00,0.056837740544373516
122.81242383519748,56.7333215994704,北京,东城区,华东,街道253,2023-01-11 13:00:00,0.7900367696364532
127.44925389604725,89.22994665004032,杭州,东城区,华南,街道254,2023-01-11 14:00:00,0.7617226095485924
43.867135202214,79.90879188597097,北京,西城区,华中,街道255,2023-01-11 15:00:00,0.6125763816924137
14.397060354395393,-44.62998771061592,上海,东城区,华中,街道256,2023-01-11 16:00:00,0.20517512581000152
-102.37042655986845,44.98940602722601,广州,西城区,华南,街道257,2023-01-11 17:00:00,0.025236928590170016
-55.781794941664614,-81.13535831711218,上海,海淀区,华北,街道258,2023-01-11 18:00:00,0.11419479495742513
-46.70931040871545,4.384617318264276,杭州,东城区,华北,街道259,2023-01-11 19:00:00,0.5900716065218106
-176.0165121898979,5.213887049833744,广州,海淀区,华东,街道260,2023-01-11 20:00:00,0.9656599007427792
105.83061728321326,84.22761180568955,深圳,朝阳区,华南,街道261,2023-01-11 21:00:00,0.26417270503031565
-121.04512456143955,-45.39119049802824,上海,东城区,华南,街道262,2023-01-11 22:00:00,0.28894580961926863
-98.16686297778098,75.66136144532504,杭州,西城区,华中,街道263,2023-01-11 23:00:00,0.38783714269288383
128.64563427050115,-58.92303206003671,广州,朝阳区,华南,街道264,2023-01-12 00:00:00,0.059094564717759646
-148.3220047309614,-32.028398610955556,上海,东城区,华东,街道265,2023-01-12 01:00:00,0.15223978990232978
162.46960942442809,-10.553899027799531,北京,西城区,华东,街道266,2023-01-12 02:00:00,0.2224448488473625
-80.285384141243,15.869054762324893,杭州,朝阳区,华北,街道267,2023-01-12 03:00:00,0.5528595401997769
155.03163176161877,-20.53383531062127,上海,西城区,华中,街道268,2023-01-12 04:00:00,0.14650862476647297
179.5950413664474,81.56595054869157,深圳,朝阳区,华东,街道269,2023-01-12 05:00:00,0.39947734983109184
-25.938794524868797,41.58833997168762,广州,东城区,华南,街道270,2023-01-12 06:00:00,0.05030405102094282
-138.9278275759148,8.326766567372943,北京,西城区,华中,街道271,2023-01-12 07:00:00,0.6015097988734092
123.53475703088708,19.417590293908702,北京,东城区,华北,街道272,2023-01-12 08:00:00,0.12573187222630267
168.94582025932806,-79.71334870149195,上海,海淀区,华南,街道273,2023-01-12 09:00:00,0.8312883252047842
-152.65666188742114,-44.5417435598463,杭州,海淀区,华东,街道274,2023-01-12 10:00:00,0.12059772069177077
-173.53868158656985,-2.6826301774174794,上海,朝阳区,华南,街道275,2023-01-12 11:00:00,0.8402495763524273
3.4453789328341315,-56.96423244539855,北京,朝阳区,华东,街道276,2023-01-12 12:00:00,0.0634237468492932
-1.8437812170609504,71.15891280176376,杭州,东城区,华中,街道277,2023-01-12 13:00:00,0.6400547045519984
20.198650983289212,-54.07374027614031,北京,朝阳区,华中,街道278,2023-01-12 14:00:00,0.6786439402983229
-175.4507687555274,82.15999663137677,广州,朝阳区,华东,街道279,2023-01-12 15:00:00,0.4054356994834054
115.38286010729058,47.68041673451094,广州,朝阳区,华南,街道280,2023-01-12 16:00:00,0.6766481009828924
-78.8456921053114,60.83528569609382,北京,朝阳区,华南,街道281,2023-01-12 17:00:00,0.354883438356282
-126.87849706546082,33.27006609308822,北京,东城区,华东,街道282,2023-01-12 18:00:00,0.27498311896152294
-161.96860962648202,-11.317421921651771,上海,西城区,华中,街道283,2023-01-12 19:00:00,0.9832759010035775
38.25034220207729,67.24070196705253,上海,朝阳区,华东,街道284,2023-01-12 20:00:00,0.8616586425040952
-179.0584081079994,64.82338107809113,上海,西城区,华南,街道285,2023-01-12 21:00:00,0.4834317244899209
-75.22105489917475,-69.43099515146514,深圳,海淀区,华东,街道286,2023-01-12 22:00:00,0.9170631926518995
75.34944393276652,28.833851254372732,北京,海淀区,华北,街道287,2023-01-12 23:00:00,0.0406507639606275
-17.77559272494821,-11.313218943691666,广州,东城区,华北,街道288,2023-01-13 00:00:00,0.778751195326341
71.59986376791639,63.443325750820094,北京,东城区,华中,街道289,2023-01-13 01:00:00,0.8775944845027307
-166.25473919501846,-64.06663322672466,深圳,西城区,华南,街道290,2023-01-13 02:00:00,0.39096351188154654
144.26931013244837,-0.6411695857904078,广州,朝阳区,华中,街道291,2023-01-13 03:00:00,0.7875206459082571
-48.905402893408194,46.61341165496154,上海,西城区,华北,街道292,2023-01-13 04:00:00,0.1475224121172185
131.47193811227498,-39.83469607918464,杭州,东城区,华南,街道293,2023-01-13 05:00:00,0.8287549482608842
-157.5376334670832,-61.57023884829984,深圳,朝阳区,华南,街道294,2023-01-13 06:00:00,0.1250763698234595
52.184523134602046,13.422397919966954,上海,西城区,华北,街道295,2023-01-13 07:00:00,0.7233782764584307
-57.762820574116205,-31.083606444984525,北京,西城区,华北,街道296,2023-01-13 08:00:00,0.4258782539165291
-34.85703744863969,-10.908899497953826,北京,海淀区,华南,街道297,2023-01-13 09:00:00,0.8461938394408295
155.73431207382833,-72.65984539543206,上海,海淀区,华南,街道298,2023-01-13 10:00:00,0.8499834703558394
-88.09814358434227,-41.15004325189085,杭州,西城区,华中,街道299,2023-01-13 11:00:00,0.6757232884900046
-59.55739811359393,70.07302180029279,杭州,东城区,华东,街道300,2023-01-13 12:00:00,0.8111121468724515
98.03318904229621,40.30875412286554,北京,西城区,华中,街道301,2023-01-13 13:00:00,0.8967571209154799
152.41323594815088,-48.9883603073027,上海,西城区,华南,街道302,2023-01-13 14:00:00,0.6325396170336923
-91.2535395977911,6.234881860487633,北京,东城区,华中,街道303,2023-01-13 15:00:00,0.182992100009695
-40.56135327805055,38.525971447278266,北京,东城区,华东,街道304,2023-01-13 16:00:00,0.5408815212051643
157.40603588290185,-56.45784626014586,上海,海淀区,华北,街道305,2023-01-13 17:00:00,0.3421478571284762
100.11440493592431,-44.62924298809869,广州,西城区,华南,街道306,2023-01-13 18:00:00,0.2628121095214049
-109.88076606971477,57.31982539932338,上海,海淀区,华北,街道307,2023-01-13 19:00:00,0.655615306672153
41.72545936850187,4.69049668190209,上海,西城区,华东,街道308,2023-01-13 20:00:00,0.9701015012260267
-45.36131762599288,50.53965350815869,深圳,海淀区,华东,街道309,2023-01-13 21:00:00,0.27140129650212663
165.27288740358983,-13.434476564547978,上海,朝阳区,华中,街道310,2023-01-13 22:00:00,0.4425974515586052
-95.54329895704714,-27.58644153339617,深圳,海淀区,华中,街道311,2023-01-13 23:00:00,0.016821227787534032
-73.37441291266077,-41.49576905161257,杭州,东城区,华北,街道312,2023-01-14 00:00:00,0.7174488180761615
-31.295151493929552,33.11306953223553,上海,海淀区,华东,街道313,2023-01-14 01:00:00,0.6690439154724664
178.53853893219986,-66.67887165655742,杭州,东城区,华北,街道314,2023-01-14 02:00:00,0.43076090322371985
-54.704597718802404,39.15769157844164,深圳,东城区,华南,街道315,2023-01-14 03:00:00,0.43836839502444336
29.749483231713583,-21.33056186850085,深圳,西城区,华北,街道316,2023-01-14 04:00:00,0.46734010695438033
168.42734840854695,-5.59964153639811,上海,西城区,华中,街道317,2023-01-14 05:00:00,0.6829342713600176
14.559638494922353,41.586547454644005,广州,西城区,华中,街道318,2023-01-14 06:00:00,0.20465745856064443
-51.59246955053851,36.79354329811429,上海,西城区,华北,街道319,2023-01-14 07:00:00,0.13669941015774512
-117.57756770131346,27.654303325100855,广州,西城区,华东,街道320,2023-01-14 08:00:00,0.7708523654449512
110.51735576682614,-22.347005166118052,深圳,朝阳区,华南,街道321,2023-01-14 09:00:00,0.26688747558798775
-61.224451465296994,-4.984710514028748,北京,朝阳区,华北,街道322,2023-01-14 10:00:00,0.9243086054235761
-1.3866362891399717,-85.41351941463833,杭州,朝阳区,华中,街道323,2023-01-14 11:00:00,0.4600017866321223
30.464044974387775,-73.68478768170245,上海,朝阳区,华东,街道324,2023-01-14 12:00:00,0.9503647261296442
-12.381533549904674,-15.08524133377405,北京,海淀区,华中,街道325,2023-01-14 13:00:00,0.3738161926798683
-20.04979732511481,-40.061044422980075,上海,朝阳区,华东,街道326,2023-01-14 14:00:00,0.4656000023709964
100.40610175813049,36.92838982427807,杭州,海淀区,华北,街道327,2023-01-14 15:00:00,0.07324212401197339
27.7090615360936,75.44902674472101,杭州,西城区,华东,街道328,2023-01-14 16:00:00,0.22854785162078406
50.69400076723329,-29.966790121716322,上海,东城区,华南,街道329,2023-01-14 17:00:00,0.8630756845276586
-139.91262634768677,26.952831246897688,深圳,西城区,华中,街道330,2023-01-14 18:00:00,0.7234738641877445
69.88176041365952,3.8069478103899286,北京,东城区,华南,街道331,2023-01-14 19:00:00,0.4060791182923281
-84.5839583689783,18.997136243432706,上海,东城区,华北,街道332,2023-01-14 20:00:00,0.8565248861237524
-4.3765151435441965,-28.802893481448983,深圳,朝阳区,华南,街道333,2023-01-14 21:00:00,0.6145791791543533
67.29544834228454,-23.238527822398282,广州,东城区,华东,街道334,2023-01-14 22:00:00,0.8212141568526697
58.61496705118131,-73.32746997284413,杭州,东城区,华中,街道335,2023-01-14 23:00:00,0.7188870880748478
115.48041674650335,55.79321125691109,深圳,朝阳区,华南,街道336,2023-01-15 00:00:00,0.2471247012455493
173.03543155186765,81.69179033652728,上海,西城区,华东,街道337,2023-01-15 01:00:00,0.6365013858372907
-116.17537337034179,-47.50567374878719,杭州,海淀区,华东,街道338,2023-01-15 02:00:00,0.8019761308375256
75.59354187407575,-50.2374275620504,广州,朝阳区,华南,街道339,2023-01-15 03:00:00,0.18389329898778128
131.71675381755392,32.12209716775283,上海,海淀区,华北,街道340,2023-01-15 04:00:00,0.047485504875675266
59.85188352238248,-16.926672127989278,北京,朝阳区,华北,街道341,2023-01-15 05:00:00,0.0371791154138319
-26.93078859329114,15.424303951018956,北京,朝阳区,华中,街道342,2023-01-15 06:00:00,0.9792232284275003
-14.755859946870402,21.585943689949744,深圳,朝阳区,华东,街道343,2023-01-15 07:00:00,0.8469917757919391
126.38454020753039,45.864716953868225,北京,朝阳区,华南,街道344,2023-01-15 08:00:00,0.2150377890523132
-115.91726443386224,79.85412471644653,杭州,海淀区,华南,街道345,2023-01-15 09:00:00,0.21307034320487594
-110.00709327442999,-89.11645271555582,上海,东城区,华北,街道346,2023-01-15 10:00:00,0.5079079795918245
-60.11999612347343,58.812138799067924,上海,西城区,华南,街道347,2023-01-15 11:00:00,0.11875863538901532
-102.32324662296632,-32.29271962393844,上海,西城区,华北,街道348,2023-01-15 12:00:00,0.10159739777781429
-27.26858699001494,-74.8056934776974,深圳,海淀区,华北,街道349,2023-01-15 13:00:00,0.013683323511896828
177.95403919689426,-20.80473660013547,北京,西城区,华中,街道350,2023-01-15 14:00:00,0.3623365807003355
138.79360766627542,-37.87069817128726,深圳,海淀区,华南,街道351,2023-01-15 15:00:00,0.8704038343802031
168.36589218952003,-51.55057318875145,深圳,西城区,华中,街道352,2023-01-15 16:00:00,0.490045842329225
-69.42064228381943,-25.73835778462879,上海,海淀区,华中,街道353,2023-01-15 17:00:00,0.58364244654659
121.9941920269859,22.964294182642192,北京,海淀区,华北,街道354,2023-01-15 18:00:00,0.10527301980983006
-154.74194195073972,-0.04345827841559924,深圳,西城区,华北,街道355,2023-01-15 19:00:00,0.5211164313545744
-166.76990846385047,-22.941853661015628,北京,东城区,华南,街道356,2023-01-15 20:00:00,0.7726421468248015
-94.13983751250373,52.03660504522165,广州,朝阳区,华北,街道357,2023-01-15 21:00:00,0.7957153469104818
86.14462549337196,-8.479775001157037,广州,东城区,华北,街道358,2023-01-15 22:00:00,0.7408228012046406
-78.93366026424236,-31.052064301577055,深圳,西城区,华南,街道359,2023-01-15 23:00:00,0.22625155552257814
-102.07952287010541,36.81158091175777,深圳,朝阳区,华南,街道360,2023-01-16 00:00:00,0.8829682783729428
117.09863677167277,-37.01460253246204,上海,东城区,华东,街道361,2023-01-16 01:00:00,0.7014963592374815
115.04776444790986,-59.39337444210261,上海,海淀区,华中,街道362,2023-01-16 02:00:00,0.03919945621208931
-78.9421013631698,11.590907637824643,深圳,朝阳区,华北,街道363,2023-01-16 03:00:00,0.16937942289117813
178.0251135892513,-79.22513041059125,上海,朝阳区,华南,街道364,2023-01-16 04:00:00,0.23159234945521978
-137.1315127736716,69.05205017631445,广州,海淀区,华北,街道365,2023-01-16 05:00:00,0.7304503378603459
116.42296277113417,-49.3243119973357,深圳,海淀区,华北,街道366,2023-01-16 06:00:00,0.47685880996712093
-65.30289652548272,-21.86872650435201,杭州,东城区,华南,街道367,2023-01-16 07:00:00,0.9726495324553924
-56.65250792778387,52.63534954800235,北京,东城区,华南,街道368,2023-01-16 08:00:00,0.27922427727599697
-148.52138511289894,-54.278540450146366,北京,西城区,华北,街道369,2023-01-16 09:00:00,0.5338378369791493
28.240491879939185,-41.88310441468784,广州,朝阳区,华南,街道370,2023-01-16 10:00:00,0.7765885630979169
169.68323324676294,74.27295645032783,杭州,东城区,华中,街道371,2023-01-16 11:00:00,0.5019121162103813
-90.3310371398297,-46.0427252030035,上海,朝阳区,华中,街道372,2023-01-16 12:00:00,0.6530661948065912
-114.67671247879028,77.50017419431802,北京,东城区,华中,街道373,2023-01-16 13:00:00,0.06894210447804061
96.73829765063732,15.68842724033209,上海,海淀区,华中,街道374,2023-01-16 14:00:00,0.3165545462835374
75.13788894811327,9.848814837682042,广州,西城区,华东,街道375,2023-01-16 15:00:00,0.03361184560302721
34.94889311330044,48.0074087332093,杭州,西城区,华东,街道376,2023-01-16 16:00:00,0.2740200659496155
-55.097561874127265,3.1687302440912504,杭州,东城区,华中,街道377,2023-01-16 17:00:00,0.6201055244523893
153.952623786417,-50.128565155080835,杭州,东城区,华南,街道378,2023-01-16 18:00:00,0.11534364759537807
108.69563664662843,-44.582337143767745,上海,朝阳区,华北,街道379,2023-01-16 19:00:00,0.6735197614318201
-118.21073109899774,13.323229676735664,深圳,西城区,华东,街道380,2023-01-16 20:00:00,0.5694121782197258
80.65211661272849,38.41664735361101,广州,东城区,华北,街道381,2023-01-16 21:00:00,0.3740924271011865
-37.49546581572588,-42.51705271108757,杭州,东城区,华中,街道382,2023-01-16 22:00:00,0.888145394853029
-165.78156413179946,41.93102476485444,深圳,西城区,华南,街道383,2023-01-16 23:00:00,0.9272470899017311
21.68038906664745,-66.00974463573291,深圳,朝阳区,华南,街道384,2023-01-17 00:00:00,0.31898393378350276
-96.10800679074741,31.495777585941298,深圳,朝阳区,华南,街道385,2023-01-17 01:00:00,0.9225990326895941
-11.552927229431901,40.257836914872996,上海,东城区,华南,街道386,2023-01-17 02:00:00,0.04053594097376423
-60.601288329080504,45.056963178820894,广州,朝阳区,华北,街道387,2023-01-17 03:00:00,0.5519456815411539
-161.57505769537755,20.70080721431195,杭州,海淀区,华南,街道388,2023-01-17 04:00:00,0.48620084733960034
132.58103042568757,48.563259077496724,广州,海淀区,华南,街道389,2023-01-17 05:00:00,0.7448700121638226
-10.93513098432868,78.17239899259474,广州,东城区,华南,街道390,2023-01-17 06:00:00,0.8890077047128856
50.753694121089524,44.30950536713419,深圳,西城区,华东,街道391,2023-01-17 07:00:00,0.048669566435217027
120.73355985730922,-67.13203301095997,广州,海淀区,华中,街道392,2023-01-17 08:00:00,0.9914665067345625
-72.50185547490682,-83.60513117756254,杭州,海淀区,华北,街道393,2023-01-17 09:00:00,0.8690960992783915
-51.51531237980123,61.972192086587285,广州,东城区,华北,街道394,2023-01-17 10:00:00,0.9135424447168212
-164.21342204591582,-44.9665036110471,北京,西城区,华中,街道395,2023-01-17 11:00:00,0.015321610889863169
121.06265493239329,57.85518351091281,广州,朝阳区,华东,街道396,2023-01-17 12:00:00,0.39868966810437867
-89.05822404124982,62.43191843712873,广州,东城区,华东,街道397,2023-01-17 13:00:00,0.8732144732481856
37.684975155962206,9.193283995777904,上海,朝阳区,华南,街道398,2023-01-17 14:00:00,0.8859056035687889
-96.17944497635251,-40.620954705976416,北京,朝阳区,华东,街道399,2023-01-17 15:00:00,0.27842957216713915
116.52755756973744,-38.82722804264188,上海,东城区,华南,街道400,2023-01-17 16:00:00,0.9734597881005985
39.91610995200733,38.37776080116342,杭州,海淀区,华东,街道401,2023-01-17 17:00:00,0.0357125563317664
-32.48155204011789,9.875995351011682,北京,朝阳区,华南,街道402,2023-01-17 18:00:00,0.6673864431184824
121.08281550243538,53.44450607669518,上海,东城区,华北,街道403,2023-01-17 19:00:00,0.008120261410050622
139.85332432100085,-36.625114791161046,深圳,西城区,华中,街道404,2023-01-17 20:00:00,0.32099509603155363
112.98840936914763,-0.09269323919656358,北京,西城区,华中,街道405,2023-01-17 21:00:00,0.7771570703564519
-71.54730277100084,67.89025870458832,深圳,海淀区,华南,街道406,2023-01-17 22:00:00,0.21571203790528937
25.426490839671857,47.09248431083708,广州,朝阳区,华东,街道407,2023-01-17 23:00:00,0.14865565315801577
-12.500384892000625,-39.86735290917209,深圳,朝阳区,华南,街道408,2023-01-18 00:00:00,0.5770836457808737
64.57718228782468,67.88818975035286,上海,海淀区,华北,街道409,2023-01-18 01:00:00,0.3940781841073726
-38.47087048007026,-7.642515945171326,杭州,朝阳区,华东,街道410,2023-01-18 02:00:00,0.41465720511372084
90.01051813183415,41.51469058204012,深圳,东城区,华南,街道411,2023-01-18 03:00:00,0.10833200613985339
-33.749035388742016,-33.86275841744548,上海,西城区,华南,街道412,2023-01-18 04:00:00,0.0058940058034344656
-95.42168802096063,32.38054540963735,北京,朝阳区,华北,街道413,2023-01-18 05:00:00,0.8623730655456782
135.03796865823517,-44.4170428812834,杭州,海淀区,华东,街道414,2023-01-18 06:00:00,0.39725572242870477
126.02854303455484,66.836171626273,杭州,朝阳区,华东,街道415,2023-01-18 07:00:00,0.7831653384312732
-42.66256219098065,88.08208244477697,上海,东城区,华北,街道416,2023-01-18 08:00:00,0.4477176736110764
108.29025841512919,-85.83305969863908,北京,朝阳区,华北,街道417,2023-01-18 09:00:00,0.4796575380317408
77.5113356133819,-38.15984143667964,北京,海淀区,华北,街道418,2023-01-18 10:00:00,0.4292094294274258
-129.7045103483732,5.893869775844848,杭州,东城区,华北,街道419,2023-01-18 11:00:00,0.35784603658122327
87.63019508230286,-41.858039992895414,杭州,西城区,华南,街道420,2023-01-18 12:00:00,0.4469465620398072
-122.84058264296235,43.63475086836132,北京,朝阳区,华南,街道421,2023-01-18 13:00:00,0.68257310630549
58.66121669615998,9.883017504436282,北京,东城区,华东,街道422,2023-01-18 14:00:00,0.41440091588777495
21.978519256478705,-6.977412364366174,上海,海淀区,华东,街道423,2023-01-18 15:00:00,0.012389682144933412
10.452726680001263,-85.20219557114027,广州,朝阳区,华东,街道424,2023-01-18 16:00:00,0.951647063404023
128.68743624400173,-10.995941771936842,上海,西城区,华北,街道425,2023-01-18 17:00:00,0.903298192874686
135.02074347107555,-24.10002530623821,杭州,西城区,华东,街道426,2023-01-18 18:00:00,0.3697923374834944
-11.424188763254364,-9.312631946906194,上海,海淀区,华中,街道427,2023-01-18 19:00:00,0.933976095218133
32.68490849925084,2.5096795173432014,北京,东城区,华北,街道428,2023-01-18 20:00:00,0.8328800978003295
16.38960048304665,62.187482965623246,上海,西城区,华东,街道429,2023-01-18 21:00:00,0.5264602766051246
65.10187755673132,-67.37879208860103,北京,海淀区,华北,街道430,2023-01-18 22:00:00,0.660565129666072
-16.454640157398217,-1.867846245837626,北京,东城区,华东,街道431,2023-01-18 23:00:00,0.9004517396467511
119.38885280437842,-21.218986980221004,广州,朝阳区,华中,街道432,2023-01-19 00:00:00,0.19138362047670654
30.47290438941218,-75.29996075639956,北京,西城区,华中,街道433,2023-01-19 01:00:00,0.07878930272743667
132.49822722129716,-68.8749599798045,深圳,朝阳区,华北,街道434,2023-01-19 02:00:00,0.10182251063224956
-67.39770591893084,20.74676419324095,广州,东城区,华中,街道435,2023-01-19 03:00:00,0.4298711089744566
-40.66414860446116,-7.442227092283474,深圳,海淀区,华中,街道436,2023-01-19 04:00:00,0.2549817198679216
5.4378584732612865,-44.29819375898627,深圳,东城区,华中,街道437,2023-01-19 05:00:00,0.41922381277566356
-61.4652057071595,55.0164332419709,广州,朝阳区,华东,街道438,2023-01-19 06:00:00,0.5231421046906524
-147.9161448756704,83.84529513628328,上海,海淀区,华东,街道439,2023-01-19 07:00:00,0.6483856496411661
-109.64445022832358,69.49077380729912,广州,朝阳区,华中,街道440,2023-01-19 08:00:00,0.3215729637464785
-120.03687092816676,22.643127804240024,杭州,朝阳区,华南,街道441,2023-01-19 09:00:00,0.1273818810240085
97.96060723765686,6.315214124154792,北京,朝阳区,华中,街道442,2023-01-19 10:00:00,0.6912045212192247
-21.08722787707174,62.64761794508203,北京,海淀区,华南,街道443,2023-01-19 11:00:00,0.04270843555404624
-44.27487435276683,-76.9978693617168,广州,朝阳区,华中,街道444,2023-01-19 12:00:00,0.8128961754614742
0.47858251964456144,56.062605186470705,上海,西城区,华中,街道445,2023-01-19 13:00:00,0.42178450020192493
-107.709933409496,10.747676334953297,上海,东城区,华南,街道446,2023-01-19 14:00:00,0.16857050799998174
72.53339109864348,-21.746663654878006,上海,朝阳区,华南,街道447,2023-01-19 15:00:00,0.23049243061973612
106.01090980724206,63.82293356327628,广州,海淀区,华南,街道448,2023-01-19 16:00:00,0.5353788313052443
-99.56014916804011,-41.13569276500796,上海,东城区,华北,街道449,2023-01-19 17:00:00,0.8094414544420325
140.43495953797628,-59.18382528472789,北京,西城区,华东,街道450,2023-01-19 18:00:00,0.4675494756295142
104.52416717200998,-25.616662236119964,上海,西城区,华南,街道451,2023-01-19 19:00:00,0.6284096720369214
-160.60040763658537,-81.52544571762377,广州,东城区,华中,街道452,2023-01-19 20:00:00,0.809336679545892
-53.120440809847864,21.895249525290822,广州,东城区,华东,街道453,2023-01-19 21:00:00,0.3539592677738137
81.50186347423141,48.65749244884995,杭州,海淀区,华南,街道454,2023-01-19 22:00:00,0.5462154816141365
50.81962480032175,-14.542897029539418,广州,西城区,华东,街道455,2023-01-19 23:00:00,0.1944929350658121
-128.68625134460913,-16.545963260115613,广州,东城区,华北,街道456,2023-01-20 00:00:00,0.772073875832228
104.93242668385273,-41.82927831297905,杭州,东城区,华南,街道457,2023-01-20 01:00:00,0.40583974617136975
-141.2512260950839,71.98367294206378,上海,朝阳区,华东,街道458,2023-01-20 02:00:00,0.2279692650626487
165.50536453808587,0.7396426589806424,北京,东城区,华北,街道459,2023-01-20 03:00:00,0.9468370987738418
-7.032362432737898,-38.07425421307486,北京,海淀区,华东,街道460,2023-01-20 04:00:00,0.061219659295803086
142.93641675681124,30.381485368380595,杭州,东城区,华东,街道461,2023-01-20 05:00:00,0.9417125479574373
-154.8623369829349,-36.26474960798844,深圳,东城区,华中,街道462,2023-01-20 06:00:00,0.19791461404559452
-41.648727419671786,-85.96989878787032,广州,西城区,华中,街道463,2023-01-20 07:00:00,0.9793113378040559
-59.484348720166466,-56.17190108504396,杭州,西城区,华南,街道464,2023-01-20 08:00:00,0.2980525747968956
101.5623066491151,83.32488948527589,广州,东城区,华中,街道465,2023-01-20 09:00:00,0.5278912931933449
-10.266336320863388,53.23511817741496,广州,东城区,华东,街道466,2023-01-20 10:00:00,0.03868757720194338
174.63330839822095,83.73371891203905,深圳,朝阳区,华东,街道467,2023-01-20 11:00:00,0.6687710617587987
-111.65360806177222,-10.672120497786764,广州,海淀区,华北,街道468,2023-01-20 12:00:00,0.9542215944192631
67.00839002753727,-11.236021376340801,广州,海淀区,华南,街道469,2023-01-20 13:00:00,0.5836738951980184
139.20896795551027,80.65143552958665,杭州,西城区,华北,街道470,2023-01-20 14:00:00,0.901717901539535
173.53047989158716,58.27051291922734,北京,朝阳区,华南,街道471,2023-01-20 15:00:00,0.36297336707805683
-111.71000889435672,60.0056978241486,深圳,海淀区,华南,街道472,2023-01-20 16:00:00,0.9069985123844829
-116.47001437510247,30.14147028454363,广州,西城区,华北,街道473,2023-01-20 17:00:00,0.5334120669270465
28.815560732048624,-85.80054528932861,深圳,朝阳区,华北,街道474,2023-01-20 18:00:00,0.06315506273976124
-32.66496531125685,67.5119793946495,深圳,西城区,华北,街道475,2023-01-20 19:00:00,0.48177748597057957
140.6968809471606,62.06356720318786,杭州,海淀区,华南,街道476,2023-01-20 20:00:00,0.7444593588848563
-135.48834151145704,23.177207412907393,广州,海淀区,华中,街道477,2023-01-20 21:00:00,0.944324787172775
83.74834659705999,-88.59294624263997,北京,海淀区,华东,街道478,2023-01-20 22:00:00,0.5029027086233504
97.8404145057172,87.1820624779094,杭州,海淀区,华南,街道479,2023-01-20 23:00:00,0.03661798639353642
69.54462989331358,86.09356853946665,深圳,东城区,华北,街道480,2023-01-21 00:00:00,0.728039000282569
142.97511229624,-76.37605097408144,广州,西城区,华东,街道481,2023-01-21 01:00:00,0.4112683001692413
-159.26556298624104,77.44400046406452,上海,东城区,华中,街道482,2023-01-21 02:00:00,0.047994890395338774
151.3192248676474,-31.934181221705536,广州,海淀区,华东,街道483,2023-01-21 03:00:00,0.7603860283920515
-117.0759298403456,9.284809884430928,北京,海淀区,华中,街道484,2023-01-21 04:00:00,0.5861919981643867
139.34836328241687,-35.9276172144591,上海,东城区,华东,街道485,2023-01-21 05:00:00,0.8743510951462373
150.84793075806147,56.86274354253044,北京,朝阳区,华中,街道486,2023-01-21 06:00:00,0.4350978126401921
-159.5740102778028,3.7355139004873337,广州,海淀区,华中,街道487,2023-01-21 07:00:00,0.7177178555431801
62.282551190733244,5.575367949121826,北京,东城区,华北,街道488,2023-01-21 08:00:00,0.8024630260737009
-14.640810727554282,-59.82180335153906,上海,西城区,华东,街道489,2023-01-21 09:00:00,0.01440366183898556
139.61645273028375,-34.20333744068053,北京,朝阳区,华东,街道490,2023-01-21 10:00:00,0.42579670459656505
74.78521924907619,-35.435111199291164,广州,西城区,华南,街道491,2023-01-21 11:00:00,0.5431594540132175
-68.58113606778788,15.054346624792515,北京,朝阳区,华东,街道492,2023-01-21 12:00:00,0.2865909621944345
-9.55368347550882,26.85740093195399,上海,西城区,华东,街道493,2023-01-21 13:00:00,0.6365398664688182
8.521637589920886,-77.79475011602527,深圳,西城区,华东,街道494,2023-01-21 14:00:00,0.7099417129757578
46.435075374353914,-83.4983332490892,上海,东城区,华东,街道495,2023-01-21 15:00:00,0.4443155095947834
-138.4295460703453,-5.613106161114587,杭州,朝阳区,华中,街道496,2023-01-21 16:00:00,0.609601902822777
50.880137574953665,47.505507396562166,上海,东城区,华中,街道497,2023-01-21 17:00:00,0.1778982157679262
-160.38714503264626,22.868191269374975,北京,东城区,华南,街道498,2023-01-21 18:00:00,0.42779276323436966
141.32254640100751,12.210020357917301,上海,西城区,华北,街道499,2023-01-21 19:00:00,0.5376387366822077
-74.87743865580812,-3.0771168741803336,杭州,东城区,华北,街道500,2023-01-21 20:00:00,0.3579026047613256
89.68756276647059,-63.03794163775101,上海,海淀区,华东,街道501,2023-01-21 21:00:00,0.46736918202018085
176.38772636045405,86.27112617672344,上海,西城区,华南,街道502,2023-01-21 22:00:00,0.33934176697583873
93.74644219695068,25.501153494812996,深圳,西城区,华东,街道503,2023-01-21 23:00:00,0.13939103772276484
-112.59379389593568,-63.4171488547253,深圳,海淀区,华北,街道504,2023-01-22 00:00:00,0.40844933406633843
-19.15530197252602,85.69584172081295,广州,东城区,华南,街道505,2023-01-22 01:00:00,0.07420460895483072
-147.6943219997534,-0.15379310431306692,杭州,朝阳区,华南,街道506,2023-01-22 02:00:00,0.7189708044237043
148.42529767328324,5.7989851619046675,深圳,朝阳区,华南,街道507,2023-01-22 03:00:00,0.018631306589860785
-66.74753428113635,-20.245434501877398,北京,朝阳区,华中,街道508,2023-01-22 04:00:00,0.5358601754834172
-50.1770674619267,89.6310076367829,杭州,东城区,华北,街道509,2023-01-22 05:00:00,0.27853863963356607
-122.49112303659146,27.947435980563526,杭州,海淀区,华南,街道510,2023-01-22 06:00:00,0.5916782803437689
-74.73200156740899,-66.93838680889141,上海,朝阳区,华北,街道511,2023-01-22 07:00:00,0.9559033656450352
-151.31629425781233,64.54718063608567,广州,东城区,华东,街道512,2023-01-22 08:00:00,0.06949797029183058
-16.97518889485187,-2.1703505399636214,深圳,朝阳区,华东,街道513,2023-01-22 09:00:00,0.7161318695374904
163.91677181916998,-42.49315100713544,上海,海淀区,华东,街道514,2023-01-22 10:00:00,0.2886072418885226
-147.1695868449854,30.34469620213173,杭州,东城区,华东,街道515,2023-01-22 11:00:00,0.8485121540606247
-134.00300177698915,84.4968759093932,杭州,海淀区,华东,街道516,2023-01-22 12:00:00,0.14744473862728225
-18.40848617195158,-38.67273824260116,杭州,朝阳区,华南,街道517,2023-01-22 13:00:00,0.2890103515233562
100.68941801504133,5.215555966564224,上海,东城区,华中,街道518,2023-01-22 14:00:00,0.47216944033113917
107.10041723273542,-14.680121912332424,深圳,朝阳区,华南,街道519,2023-01-22 15:00:00,0.7994318389580384
66.01397141856253,-19.11378363631691,深圳,东城区,华东,街道520,2023-01-22 16:00:00,0.6189726738783773
-37.15181739387128,-72.83233515071495,北京,海淀区,华北,街道521,2023-01-22 17:00:00,0.3347377247495642
-22.22106857419206,-53.56479090992016,上海,东城区,华中,街道522,2023-01-22 18:00:00,0.45289598199690895
97.86119244240876,55.679986725304076,北京,东城区,华东,街道523,2023-01-22 19:00:00,0.22124922585360562
-167.08629772508408,25.5453247212661,上海,海淀区,华中,街道524,2023-01-22 20:00:00,0.4838442650268697
-110.88108449770705,-33.52568245998625,杭州,海淀区,华南,街道525,2023-01-22 21:00:00,0.37160840784977534
144.38102520375435,66.10479276199084,北京,东城区,华北,街道526,2023-01-22 22:00:00,0.1680472267482127
82.58965804868262,56.9795298631328,深圳,海淀区,华中,街道527,2023-01-22 23:00:00,0.09676906869624313
119.1648878796795,-72.80868911476479,深圳,海淀区,华北,街道528,2023-01-23 00:00:00,0.9427455278988568
-30.528852587990173,-85.96875587527386,上海,朝阳区,华南,街道529,2023-01-23 01:00:00,0.5797387954523131
34.650061323014654,-2.9842371338536964,上海,朝阳区,华北,街道530,2023-01-23 02:00:00,0.11947970665831709
-124.56846097509299,-2.4699536969370683,广州,朝阳区,华北,街道531,2023-01-23 03:00:00,0.608129563362846
-83.50124691380955,88.82405621922013,上海,西城区,华北,街道532,2023-01-23 04:00:00,0.7321641937605533
-8.961199220810471,16.447602402130315,深圳,海淀区,华北,街道533,2023-01-23 05:00:00,0.6460446802155723
100.67056986010329,44.56712823342468,北京,东城区,华北,街道534,2023-01-23 06:00:00,0.7951678938205764
-138.22612543568982,-1.0154650078985412,广州,朝阳区,华中,街道535,2023-01-23 07:00:00,0.9459049019908561
-29.9523143874857,22.37597458568939,广州,东城区,华东,街道536,2023-01-23 08:00:00,0.07275773775107242
123.77923766138497,-35.50690423921168,上海,朝阳区,华东,街道537,2023-01-23 09:00:00,0.9862229233429268
148.77985799450693,-29.0561164163758,上海,海淀区,华中,街道538,2023-01-23 10:00:00,0.7226074201292519
-139.0564142933122,-83.92638170964976,北京,朝阳区,华中,街道539,2023-01-23 11:00:00,0.7465736678472256
18.25214959727984,30.035575640122318,上海,朝阳区,华东,街道540,2023-01-23 12:00:00,0.9057014706954696
49.09508335092016,-66.32712861439836,北京,朝阳区,华北,街道541,2023-01-23 13:00:00,0.6734253911849901
170.83128969493333,72.06457156096394,上海,海淀区,华南,街道542,2023-01-23 14:00:00,0.9889942270080171
90.1249298072521,54.48919418937936,北京,东城区,华中,街道543,2023-01-23 15:00:00,0.22485378140514978
32.8426725000802,-82.95847714984225,广州,西城区,华中,街道544,2023-01-23 16:00:00,0.5780437484653187
145.3646589774408,42.679182466647916,北京,海淀区,华东,街道545,2023-01-23 17:00:00,0.7176765420513651
157.22507150994295,-14.166618519569056,北京,西城区,华南,街道546,2023-01-23 18:00:00,0.5926542987252955
145.2805063039475,81.46133967387055,深圳,西城区,华东,街道547,2023-01-23 19:00:00,0.3004352253458318
129.60762114454616,-46.857438885426696,广州,西城区,华北,街道548,2023-01-23 20:00:00,0.8362004959017265
-65.66332355947137,-69.81910744645778,杭州,海淀区,华南,街道549,2023-01-23 21:00:00,0.37494574744812725
-141.29998940772748,22.237070491994672,广州,东城区,华北,街道550,2023-01-23 22:00:00,0.012958882615551448
18.325820000826837,68.03759516392893,深圳,朝阳区,华东,街道551,2023-01-23 23:00:00,0.49489317194057536
-9.944482260593418,5.198352215989232,广州,西城区,华中,街道552,2023-01-24 00:00:00,0.639702398143252
136.07368221952765,27.655300905571124,上海,东城区,华东,街道553,2023-01-24 01:00:00,0.14246565883161288
-107.31126039927125,-16.160720670086945,上海,东城区,华北,街道554,2023-01-24 02:00:00,0.7683765503182288
-52.11710596696915,35.31401899078436,深圳,海淀区,华南,街道555,2023-01-24 03:00:00,0.9371106134870506
-106.5367491008741,-68.58866989906508,上海,西城区,华中,街道556,2023-01-24 04:00:00,0.7154490597137496
36.89992348732915,-10.843763217973176,上海,西城区,华东,街道557,2023-01-24 05:00:00,0.4409448097020403
-169.50174633302117,80.46719789910719,上海,西城区,华中,街道558,2023-01-24 06:00:00,0.5745697849881068
-72.9884090729025,-70.34676771629131,广州,朝阳区,华南,街道559,2023-01-24 07:00:00,0.11492182132807038
-14.78848796176186,16.811707175275473,北京,朝阳区,华东,街道560,2023-01-24 08:00:00,0.27000683410668624
55.418621094474844,55.15575649788735,杭州,朝阳区,华中,街道561,2023-01-24 09:00:00,0.5247893105090483
-106.56275873391596,53.40180572724435,杭州,西城区,华中,街道562,2023-01-24 10:00:00,0.4263457944349447
89.28975265950356,-68.7064605849348,深圳,朝阳区,华南,街道563,2023-01-24 11:00:00,0.5089652875380777
-112.49604061209179,71.31984521067884,上海,海淀区,华南,街道564,2023-01-24 12:00:00,0.10897427227425438
-44.98650337472884,-10.741844522538628,上海,东城区,华南,街道565,2023-01-24 13:00:00,0.09565187286788124
-123.14160030907286,-82.92674375533095,上海,朝阳区,华中,街道566,2023-01-24 14:00:00,0.9434729252393128
-51.14136427059768,-52.33567788919201,广州,西城区,华中,街道567,2023-01-24 15:00:00,0.49280600652218565
-130.68692329327686,-84.1728166841935,深圳,东城区,华中,街道568,2023-01-24 16:00:00,0.047421409556753225
42.34327423350979,53.80308909275732,广州,朝阳区,华北,街道569,2023-01-24 17:00:00,0.5044610286992162
143.97363845395176,76.95792849960415,上海,海淀区,华中,街道570,2023-01-24 18:00:00,0.8578703505554686
37.33326110320968,61.07357337263346,深圳,朝阳区,华北,街道571,2023-01-24 19:00:00,0.8503949232417738
108.19302018150472,61.33959820690836,深圳,朝阳区,华东,街道572,2023-01-24 20:00:00,0.8403511843935628
-170.31132232485885,76.50139058531045,深圳,东城区,华东,街道573,2023-01-24 21:00:00,0.7520701239046571
162.39797470969944,43.113991894359685,北京,海淀区,华南,街道574,2023-01-24 22:00:00,0.3220108555093374
-171.207220131624,77.51572617170615,杭州,海淀区,华东,街道575,2023-01-24 23:00:00,0.9026966733839042
142.46754206634336,15.607535721199127,广州,东城区,华北,街道576,2023-01-25 00:00:00,0.18623606137035364
85.43559000242942,-40.91808735509893,北京,朝阳区,华南,街道577,2023-01-25 01:00:00,0.23246012343459432
48.73349434067251,1.622082543014315,上海,海淀区,华中,街道578,2023-01-25 02:00:00,0.4367926088966576
-125.56403442392477,-46.3595161056077,深圳,海淀区,华东,街道579,2023-01-25 03:00:00,0.528781621483978
167.38892359351962,-63.483882805236696,北京,西城区,华北,街道580,2023-01-25 04:00:00,0.430631039398398
-97.91138766385757,-36.47263705887904,杭州,朝阳区,华南,街道581,2023-01-25 05:00:00,0.5939666512564018
-19.55500180387429,58.22890547384881,上海,西城区,华中,街道582,2023-01-25 06:00:00,0.02685479789563794
112.86625528462247,0.013953246968000599,上海,东城区,华北,街道583,2023-01-25 07:00:00,0.03694143480994305
-26.372141604185657,56.76400094656938,北京,朝阳区,华北,街道584,2023-01-25 08:00:00,0.8574689041269501
18.41548176346913,34.53174663517491,深圳,朝阳区,华东,街道585,2023-01-25 09:00:00,0.48209484020972504
0.3363371391768908,1.304475844618139,北京,朝阳区,华南,街道586,2023-01-25 10:00:00,0.8673850408295408
55.11153741527218,-6.8144340089410065,广州,朝阳区,华东,街道587,2023-01-25 11:00:00,0.04229184721486812
142.4968224455472,42.79998455468649,北京,西城区,华中,街道588,2023-01-25 12:00:00,0.48781873180919944
83.35779260450829,72.52311794034094,杭州,朝阳区,华东,街道589,2023-01-25 13:00:00,0.27996419955284635
-171.47568761383405,20.29354986428291,杭州,西城区,华东,街道590,2023-01-25 14:00:00,0.7851936755356955
162.36786134603398,-3.4357476048136135,杭州,东城区,华北,街道591,2023-01-25 15:00:00,0.6045236900350309
141.93338425786044,3.3346627589658056,北京,海淀区,华东,街道592,2023-01-25 16:00:00,0.5394757532752704
157.86599996503088,-53.497808478182094,上海,西城区,华北,街道593,2023-01-25 17:00:00,0.911884557867487
-3.5195688965709735,-11.3696472109131,杭州,海淀区,华东,街道594,2023-01-25 18:00:00,0.8757746245917254
-115.21706658569174,-81.47468919104722,广州,海淀区,华中,街道595,2023-01-25 19:00:00,0.23731963450660665
-118.50802573837926,8.144939301367415,广州,西城区,华南,街道596,2023-01-25 20:00:00,0.33002670518129096
159.8321099554795,14.78477241125944,上海,西城区,华东,街道597,2023-01-25 21:00:00,0.5651294250782781
68.0463554948501,-47.58889217450848,杭州,西城区,华北,街道598,2023-01-25 22:00:00,0.578601093502876
143.969957479242,15.67730436197742,杭州,东城区,华中,街道599,2023-01-25 23:00:00,0.43446230346063863
-95.67026433600618,-74.3656891357668,上海,朝阳区,华中,街道600,2023-01-26 00:00:00,0.5826687305788697
148.5952181473188,-77.80793910272693,上海,朝阳区,华南,街道601,2023-01-26 01:00:00,0.0320295652745789
-49.127039216541874,-26.258262639307503,广州,海淀区,华东,街道602,2023-01-26 02:00:00,0.010625412919452848
100.18549768460758,2.760597396554786,上海,朝阳区,华南,街道603,2023-01-26 03:00:00,0.07727669691453476
158.51558738573442,37.736446317893055,广州,东城区,华中,街道604,2023-01-26 04:00:00,0.6155642680737936
86.61485686984844,6.21854195614435,上海,西城区,华中,街道605,2023-01-26 05:00:00,0.16711343850375593
-117.08996317924341,26.310075044980266,上海,西城区,华北,街道606,2023-01-26 06:00:00,0.46910222908016797
176.8513792988566,1.6293811266974672,北京,朝阳区,华北,街道607,2023-01-26 07:00:00,0.8274511502940329
-162.43380814096713,-25.342314512438165,广州,西城区,华南,街道608,2023-01-26 08:00:00,0.7780027818690441
157.15458923460108,-46.38844359635952,北京,东城区,华东,街道609,2023-01-26 09:00:00,0.3107576296076062
-21.334441259023436,-46.697343867720605,深圳,海淀区,华中,街道610,2023-01-26 10:00:00,0.6542213150334418
156.11349957175509,-8.68149324997836,深圳,海淀区,华中,街道611,2023-01-26 11:00:00,0.20634223680242592
-52.99390026780691,-51.241792070104026,上海,海淀区,华中,街道612,2023-01-26 12:00:00,0.6462111551000556
158.7637377441382,45.17298707979978,北京,海淀区,华东,街道613,2023-01-26 13:00:00,0.5325453065550042
161.99367085253164,-9.373674585842934,深圳,朝阳区,华南,街道614,2023-01-26 14:00:00,0.937309237325295
132.30833704077128,20.659209400592474,北京,朝阳区,华北,街道615,2023-01-26 15:00:00,0.3414902643666312
-15.26327559158068,-19.14380488181999,杭州,西城区,华北,街道616,2023-01-26 16:00:00,0.9281968742477802
102.18782236742811,52.99502032388858,上海,朝阳区,华南,街道617,2023-01-26 17:00:00,0.3280317875767875
-96.62796050769843,-76.99621844559573,上海,海淀区,华中,街道618,2023-01-26 18:00:00,0.8276840556361285
-59.19373835160479,-58.81891594583732,广州,朝阳区,华东,街道619,2023-01-26 19:00:00,0.7508676447914749
148.91861184851967,53.605203485981235,广州,东城区,华中,街道620,2023-01-26 20:00:00,0.1654932323537872
62.4981098173846,53.51358932942415,广州,朝阳区,华中,街道621,2023-01-26 21:00:00,0.7192383802410246
114.9216291039229,32.53998019422886,广州,朝阳区,华北,街道622,2023-01-26 22:00:00,0.753330577090277
0.40832225119760324,-43.63610155871855,北京,西城区,华南,街道623,2023-01-26 23:00:00,0.6236525808798988
97.94425766334751,-20.203865472260574,广州,海淀区,华北,街道624,2023-01-27 00:00:00,0.3557246889446145
129.04581649716062,56.449649170388966,北京,西城区,华中,街道625,2023-01-27 01:00:00,0.8738843201911224
-43.764183869879986,-42.009503089555885,深圳,西城区,华中,街道626,2023-01-27 02:00:00,0.7192334086488029
-0.41320797747647475,-85.72605398101538,上海,朝阳区,华东,街道627,2023-01-27 03:00:00,0.5258653216551269
45.835738657996444,-0.6764998059775991,广州,东城区,华中,街道628,2023-01-27 04:00:00,0.30111174814130326
125.86220506628212,-5.5177574383886565,广州,朝阳区,华南,街道629,2023-01-27 05:00:00,0.03679882075956786
108.1996749152155,88.64826316176772,杭州,海淀区,华中,街道630,2023-01-27 06:00:00,0.2957623872351407
121.04432656879703,-80.35899207143868,深圳,朝阳区,华北,街道631,2023-01-27 07:00:00,0.01316645178566811
-22.699655364071475,76.15855905435419,广州,海淀区,华北,街道632,2023-01-27 08:00:00,0.7946594931279919
49.686767099807724,-64.45227745316848,北京,西城区,华北,街道633,2023-01-27 09:00:00,0.6959222257474397
-129.37047748107764,61.13958141475075,深圳,海淀区,华南,街道634,2023-01-27 10:00:00,0.820861894903706
73.1703806013991,9.73868055121973,杭州,东城区,华东,街道635,2023-01-27 11:00:00,0.45699972453161875
-82.12753633959427,70.5743190513773,杭州,东城区,华东,街道636,2023-01-27 12:00:00,0.37839538664022265
138.2495607318089,-27.22922540483666,上海,朝阳区,华北,街道637,2023-01-27 13:00:00,0.5761243682684187
71.80803186038312,-15.45900385824632,杭州,西城区,华中,街道638,2023-01-27 14:00:00,0.3679172023657522
-6.646555270664379,52.7825029013149,广州,朝阳区,华中,街道639,2023-01-27 15:00:00,0.20724135051570813
106.54662437960184,57.73619096491802,上海,朝阳区,华北,街道640,2023-01-27 16:00:00,0.5890193326488835
118.83757288531268,-34.94686828153853,杭州,东城区,华北,街道641,2023-01-27 17:00:00,0.4411415884225811
-102.21976189846112,-83.96550864230761,上海,海淀区,华东,街道642,2023-01-27 18:00:00,0.8093002792406429
107.68213925736791,-41.25444696960061,上海,西城区,华东,街道643,2023-01-27 19:00:00,0.2887538496218066
-39.401602665814465,-65.6753607160145,深圳,东城区,华南,街道644,2023-01-27 20:00:00,0.2414432563868848
-120.25144990147768,3.554715593087508,北京,西城区,华南,街道645,2023-01-27 21:00:00,0.15054050185744672
169.8025678529903,-54.79194078269574,杭州,西城区,华北,街道646,2023-01-27 22:00:00,0.9301868607721195
82.26816199633032,-34.63718929067295,深圳,东城区,华北,街道647,2023-01-27 23:00:00,0.21272398490539102
-177.07249750801995,14.24559835231753,杭州,朝阳区,华南,街道648,2023-01-28 00:00:00,0.4496322936760847
-66.18288316216727,-59.03948536828409,北京,朝阳区,华北,街道649,2023-01-28 01:00:00,0.03309525575482686
-4.637905759753096,27.209243756782357,广州,西城区,华北,街道650,2023-01-28 02:00:00,0.17867315062325473
4.06027499371487,25.153061816931327,深圳,西城区,华南,街道651,2023-01-28 03:00:00,0.33533658058222715
-71.11623894653566,31.585079641786237,杭州,东城区,华中,街道652,2023-01-28 04:00:00,0.3121441226895979
-40.99831879411079,-80.4774888768332,北京,东城区,华南,街道653,2023-01-28 05:00:00,0.6666166736497795
-34.6916357867658,-66.12079584907347,广州,东城区,华北,街道654,2023-01-28 06:00:00,0.2611511835976005
170.31219843564492,40.48081111551264,北京,朝阳区,华中,街道655,2023-01-28 07:00:00,0.4083586743789638
-18.300330296212366,32.04086011373501,深圳,朝阳区,华中,街道656,2023-01-28 08:00:00,0.9333153897265696
-118.94651964256695,46.94338272558301,北京,朝阳区,华北,街道657,2023-01-28 09:00:00,0.7643289630849652
147.56061480351792,-2.3522584152241137,北京,东城区,华北,街道658,2023-01-28 10:00:00,0.9188067861993131
-92.81335207458609,80.37630861868374,深圳,东城区,华南,街道659,2023-01-28 11:00:00,0.5766461235421746
29.107230672690747,35.4197410753583,广州,朝阳区,华东,街道660,2023-01-28 12:00:00,0.8419234250173045
-153.8179008564285,-32.516992890939854,深圳,朝阳区,华中,街道661,2023-01-28 13:00:00,0.7609819690084264
-83.24218603839107,74.50461000225692,杭州,西城区,华东,街道662,2023-01-28 14:00:00,0.5526466096868021
82.98942508194432,87.59231875552004,杭州,东城区,华南,街道663,2023-01-28 15:00:00,0.6936962784654095
-149.8841839887661,-32.2451855427715,北京,西城区,华东,街道664,2023-01-28 16:00:00,0.4362047495730671
-107.05651713352634,23.95435348418492,杭州,西城区,华东,街道665,2023-01-28 17:00:00,0.07896245177414041
13.907402146536896,-33.33466773400045,杭州,东城区,华北,街道666,2023-01-28 18:00:00,0.5531371671030527
160.862407627947,-53.84299110258675,深圳,朝阳区,华东,街道667,2023-01-28 19:00:00,0.33133109512582426
-140.63880588987783,52.87754151253378,深圳,朝阳区,华南,街道668,2023-01-28 20:00:00,0.8338148601201636
47.14340422243433,2.312134725235211,杭州,海淀区,华中,街道669,2023-01-28 21:00:00,0.8166675943725391
140.69764348104343,24.515132915459247,杭州,东城区,华南,街道670,2023-01-28 22:00:00,0.29516125147122896
49.68401596351717,-67.1471930991465,杭州,西城区,华北,街道671,2023-01-28 23:00:00,0.4870120023927801
-83.57621018222386,-53.48993488853908,杭州,东城区,华东,街道672,2023-01-29 00:00:00,0.5581628380062307
83.722037462179,42.25974652128659,广州,东城区,华北,街道673,2023-01-29 01:00:00,0.18341121448431608
60.41178919973461,-41.11328402942396,深圳,朝阳区,华中,街道674,2023-01-29 02:00:00,0.9816288361767934
30.1725383174944,-9.52570879214798,上海,朝阳区,华南,街道675,2023-01-29 03:00:00,0.5914242652050048
45.4314460878779,-45.86919629557279,上海,西城区,华北,街道676,2023-01-29 04:00:00,0.055808293442433765
42.62945776708017,-12.291495752930018,深圳,西城区,华东,街道677,2023-01-29 05:00:00,0.6987789196890183
-159.57961167716527,2.932513295122945,杭州,西城区,华南,街道678,2023-01-29 06:00:00,0.7392791049996051
-122.8268559718332,88.7784026439509,深圳,西城区,华北,街道679,2023-01-29 07:00:00,0.11928972817604777
-100.07597644352937,82.07730766677702,杭州,西城区,华中,街道680,2023-01-29 08:00:00,0.6634751025901182
-30.997127380708207,-39.43424230291644,杭州,西城区,华东,街道681,2023-01-29 09:00:00,0.8327121955834623
179.14406677088766,53.02119460968294,上海,西城区,华南,街道682,2023-01-29 10:00:00,0.5659676358373643
-19.6410044703683,-43.48109694564283,上海,海淀区,华北,街道683,2023-01-29 11:00:00,0.9993920568267287
-50.8300122908403,-49.95531711900347,深圳,东城区,华北,街道684,2023-01-29 12:00:00,0.11809435322498729
158.91717944297073,-72.24463936263422,深圳,朝阳区,华中,街道685,2023-01-29 13:00:00,0.634494425958677
41.974184868599025,49.788287550057305,深圳,海淀区,华中,街道686,2023-01-29 14:00:00,0.9736449814207018
2.7137545491716253,85.04573483628175,北京,西城区,华中,街道687,2023-01-29 15:00:00,0.25873522487853506
-84.1989448978741,-10.775576125865484,北京,朝阳区,华中,街道688,2023-01-29 16:00:00,0.7123076631525115
63.96713874432723,37.779739943391334,上海,海淀区,华南,街道689,2023-01-29 17:00:00,0.9648041041868247
-164.5537885020155,0.07461334411168252,上海,东城区,华东,街道690,2023-01-29 18:00:00,0.1604333420393408
172.0836383574831,86.03818074490053,上海,朝阳区,华南,街道691,2023-01-29 19:00:00,0.35313975287290345
120.93918475008246,44.82609525372328,杭州,海淀区,华南,街道692,2023-01-29 20:00:00,0.7655628702830795
140.63318570183475,87.38285205539319,广州,海淀区,华中,街道693,2023-01-29 21:00:00,0.7150149430075448
15.045828203064104,-9.180056682099448,深圳,东城区,华东,街道694,2023-01-29 22:00:00,0.7715282324674819
-126.13590852869359,-78.04183154402563,深圳,海淀区,华东,街道695,2023-01-29 23:00:00,0.5310033694811862
-94.0505631563178,-77.448976925919,广州,西城区,华南,街道696,2023-01-30 00:00:00,0.5188031300386274
-109.77568170758272,-11.047636461671914,北京,朝阳区,华东,街道697,2023-01-30 01:00:00,0.6409284162989983
0.8648372132738587,49.37916355265031,上海,西城区,华北,街道698,2023-01-30 02:00:00,0.5358596023067249
19.153143523442907,-45.58890345208684,深圳,朝阳区,华中,街道699,2023-01-30 03:00:00,0.9824302136958702
178.4559305272076,-27.799946591677966,北京,西城区,华东,街道700,2023-01-30 04:00:00,0.09449941002326023
-160.11404455063877,-3.7584376827597907,上海,东城区,华南,街道701,2023-01-30 05:00:00,0.7946949594878939
-51.122362929267695,-17.126844784963055,北京,海淀区,华北,街道702,2023-01-30 06:00:00,0.900565322738466
-149.46594040659758,-51.65822685273049,深圳,海淀区,华南,街道703,2023-01-30 07:00:00,0.09691107842001445
-53.928751482700164,-44.30439927735492,上海,西城区,华东,街道704,2023-01-30 08:00:00,0.32261874882285724
99.90353393578522,43.37872821191604,深圳,海淀区,华中,街道705,2023-01-30 09:00:00,0.2852826821241362
170.63570552983356,80.3585826121853,上海,东城区,华东,街道706,2023-01-30 10:00:00,0.4703591474331247
-148.6985660144349,59.30002480640232,深圳,朝阳区,华东,街道707,2023-01-30 11:00:00,0.8819719995741351
49.91034574941949,81.23151240285492,杭州,朝阳区,华中,街道708,2023-01-30 12:00:00,0.38656118321311994
164.1304317852672,22.785990017755722,北京,西城区,华东,街道709,2023-01-30 13:00:00,0.22062065775939388
22.56124806417199,0.9645793186590055,广州,东城区,华北,街道710,2023-01-30 14:00:00,0.49150012661654163
-121.057013490927,-35.159242250562606,深圳,东城区,华中,街道711,2023-01-30 15:00:00,0.5284326618317526
176.57075849882432,-44.66840154607721,杭州,海淀区,华中,街道712,2023-01-30 16:00:00,0.616823346745314
157.37763026500164,-26.38880903874511,广州,西城区,华东,街道713,2023-01-30 17:00:00,0.99915820141016
-32.82934276394599,84.46863556925115,杭州,东城区,华北,街道714,2023-01-30 18:00:00,0.9992183819125872
-93.21562463729249,-84.46466688617241,上海,东城区,华北,街道715,2023-01-30 19:00:00,0.6526679746152697
-73.98702350395024,-29.477819445774678,广州,东城区,华北,街道716,2023-01-30 20:00:00,0.7639100312137275
79.47327586522437,17.501621215847223,北京,朝阳区,华北,街道717,2023-01-30 21:00:00,0.2973219189599412
-136.11336468526957,73.83511046290562,广州,朝阳区,华中,街道718,2023-01-30 22:00:00,0.12134440520384793
137.84025285004367,-65.85317940302502,北京,海淀区,华中,街道719,2023-01-30 23:00:00,0.691101460273356
-163.24772412569632,30.61806458036287,深圳,海淀区,华南,街道720,2023-01-31 00:00:00,0.30245959109030096
-150.51631979061355,20.23481188344408,上海,朝阳区,华中,街道721,2023-01-31 01:00:00,0.49362890743029475
-92.80486544127302,-81.10575571204541,杭州,海淀区,华中,街道722,2023-01-31 02:00:00,0.27836262814066615
10.319143209030045,-89.48523425076658,北京,东城区,华中,街道723,2023-01-31 03:00:00,0.7259728789701628
-8.294891744701857,0.2681296430795328,北京,朝阳区,华北,街道724,2023-01-31 04:00:00,0.755291522688031
137.77425819984416,-53.496197773170266,北京,朝阳区,华东,街道725,2023-01-31 05:00:00,0.10568833991730042
37.115472141195,-61.28149206047745,上海,海淀区,华南,街道726,2023-01-31 06:00:00,0.6959035624123298
-19.750428598591554,-86.93342632385084,深圳,东城区,华北,街道727,2023-01-31 07:00:00,0.06573273958582382
-146.98937122174786,-46.68874937461901,上海,东城区,华东,街道728,2023-01-31 08:00:00,0.3582176750297228
-168.5608649876001,0.6218197860131625,北京,西城区,华北,街道729,2023-01-31 09:00:00,0.09358765364890953
-79.88105639458226,61.74037458620316,广州,朝阳区,华中,街道730,2023-01-31 10:00:00,0.9941120167269238
69.26507104128072,78.90083653474807,上海,海淀区,华北,街道731,2023-01-31 11:00:00,0.6682639695930221
-100.37079999342185,-77.808288358322,杭州,西城区,华东,街道732,2023-01-31 12:00:00,0.46322357368637246
-127.78367089648712,45.194424104545135,深圳,海淀区,华中,街道733,2023-01-31 13:00:00,0.35417891810660607
-76.56139993463529,-71.96453357706503,上海,西城区,华北,街道734,2023-01-31 14:00:00,0.44731236223603776
158.40843315778426,-50.92798253322318,北京,西城区,华北,街道735,2023-01-31 15:00:00,0.4925384441139523
-33.05615694601093,0.9286542700007203,杭州,西城区,华中,街道736,2023-01-31 16:00:00,0.775951257196734
168.44651214576157,-6.923047138834249,广州,东城区,华东,街道737,2023-01-31 17:00:00,0.12230590586549561
-164.0513447981368,29.431117794918237,深圳,海淀区,华北,街道738,2023-01-31 18:00:00,0.6537717733725766
145.553177552188,29.86752724865751,广州,东城区,华北,街道739,2023-01-31 19:00:00,0.47245959689946393
48.087759557816554,-44.99001839420266,北京,朝阳区,华东,街道740,2023-01-31 20:00:00,0.7656390046673645
94.68568458649793,-25.342325543313905,深圳,朝阳区,华北,街道741,2023-01-31 21:00:00,0.414473110527243
-72.25885950883259,-66.12107647527438,广州,朝阳区,华南,街道742,2023-01-31 22:00:00,0.9560415590626373
114.74280785498541,80.1791525976625,杭州,海淀区,华中,街道743,2023-01-31 23:00:00,0.17706476872633503
60.19325074658451,-8.781747194634136,广州,海淀区,华南,街道744,2023-02-01 00:00:00,0.46593055713131426
-100.52804964965897,82.38107299085348,北京,西城区,华东,街道745,2023-02-01 01:00:00,0.847447031150899
127.87688921510187,10.258391810243964,深圳,朝阳区,华南,街道746,2023-02-01 02:00:00,0.08246223274936071
87.44810461842042,19.268572465133474,北京,朝阳区,华南,街道747,2023-02-01 03:00:00,0.2656505172231496
39.56369132532285,-1.5895959327722693,杭州,朝阳区,华东,街道748,2023-02-01 04:00:00,0.749251790953033
175.91097403544023,27.074084746771504,深圳,西城区,华北,街道749,2023-02-01 05:00:00,0.9416451164394909
-84.87348517994677,-83.55354080229473,深圳,朝阳区,华东,街道750,2023-02-01 06:00:00,0.6446430418282025
141.2872108704338,-84.80947802370848,北京,西城区,华东,街道751,2023-02-01 07:00:00,0.6095135720898898
-27.469083040873272,-10.308069072563839,北京,朝阳区,华中,街道752,2023-02-01 08:00:00,0.23559615174615267
161.65994293695127,-13.209138386399843,北京,海淀区,华南,街道753,2023-02-01 09:00:00,0.3654518726584781
156.73139511535982,83.19800657061546,深圳,东城区,华东,街道754,2023-02-01 10:00:00,0.22684158215931038
-53.58383552875654,-13.964188084163993,北京,海淀区,华东,街道755,2023-02-01 11:00:00,0.22342786285860017
-81.16951379797119,37.27172930160535,上海,东城区,华北,街道756,2023-02-01 12:00:00,0.9897289590465413
8.523721873708894,32.690836861437845,深圳,东城区,华北,街道757,2023-02-01 13:00:00,0.6837652804973873
-4.149416012206842,55.440311631402125,杭州,西城区,华东,街道758,2023-02-01 14:00:00,0.8716464002949024
43.1347519489201,-54.34473467702752,北京,海淀区,华东,街道759,2023-02-01 15:00:00,0.5087172378486136
136.2080052444074,-74.13452111156995,深圳,东城区,华中,街道760,2023-02-01 16:00:00,0.8078868284640516
57.50851529513136,81.86523950169723,上海,海淀区,华东,街道761,2023-02-01 17:00:00,0.8610106076018901
124.69809684781762,34.101172640346604,广州,东城区,华中,街道762,2023-02-01 18:00:00,0.5899330733118893
-175.13203452212565,79.37919639968962,深圳,东城区,华北,街道763,2023-02-01 19:00:00,0.9238567631234263
13.549343945652993,74.64333023862591,北京,朝阳区,华东,街道764,2023-02-01 20:00:00,0.6929054610429368
129.6354803465868,-27.013068814338155,上海,西城区,华北,街道765,2023-02-01 21:00:00,0.47343147523537776
36.500700577135376,-39.340242662951304,杭州,西城区,华东,街道766,2023-02-01 22:00:00,0.9775061477452144
-102.60789085597833,-23.317817726065883,深圳,东城区,华北,街道767,2023-02-01 23:00:00,0.3580932575971659
160.74795768986382,9.308450901842107,杭州,东城区,华东,街道768,2023-02-02 00:00:00,0.5491349274239503
101.56221100031462,-20.007592140564142,深圳,东城区,华南,街道769,2023-02-02 01:00:00,0.9114460662024548
-113.56336580617172,13.408128978462003,上海,东城区,华中,街道770,2023-02-02 02:00:00,0.6662530975513752
-44.60026640278164,50.86542054098919,北京,东城区,华北,街道771,2023-02-02 03:00:00,0.9815198721932817
-140.58221005015898,82.32271652042718,杭州,朝阳区,华中,街道772,2023-02-02 04:00:00,0.9383421936051822
-102.43031597804666,-81.75874021582884,杭州,朝阳区,华南,街道773,2023-02-02 05:00:00,0.6246265720134448
-174.16787904574443,24.301801410998266,广州,海淀区,华南,街道774,2023-02-02 06:00:00,0.9462675966870204
138.5342905538842,-89.93193559012568,深圳,朝阳区,华北,街道775,2023-02-02 07:00:00,0.4185082402427893
-126.02738505112008,53.615270570221895,北京,东城区,华北,街道776,2023-02-02 08:00:00,0.2778348973685364
-85.65585179198854,-85.98416093295366,深圳,东城区,华南,街道777,2023-02-02 09:00:00,0.4458333409755789
91.5394306758941,19.189696591443038,上海,东城区,华北,街道778,2023-02-02 10:00:00,0.40653592333879707
-51.295723290950576,-55.10903144845354,广州,西城区,华南,街道779,2023-02-02 11:00:00,0.7091963934791109
25.500379336910555,32.48637993421694,杭州,朝阳区,华中,街道780,2023-02-02 12:00:00,0.5201683510853083
-123.40098072962897,-33.056944771040094,广州,西城区,华南,街道781,2023-02-02 13:00:00,0.31426629848635834
10.540501033223052,-43.00117828366007,上海,海淀区,华东,街道782,2023-02-02 14:00:00,0.3289033029775066
-41.65247008219842,-71.35801846465608,深圳,西城区,华东,街道783,2023-02-02 15:00:00,0.26173288785358595
-46.05844204091724,-45.18885617315595,深圳,朝阳区,华东,街道784,2023-02-02 16:00:00,0.45923173306885046
-74.64637857447701,-0.9199402052415309,北京,海淀区,华中,街道785,2023-02-02 17:00:00,0.6554007746416861
-8.89772303040084,9.549598479579558,杭州,西城区,华南,街道786,2023-02-02 18:00:00,0.56983208712039
-20.204470814247628,28.673561106081593,北京,西城区,华东,街道787,2023-02-02 19:00:00,0.5371184232137061
117.02002194474892,50.95258651985344,深圳,西城区,华南,街道788,2023-02-02 20:00:00,0.9226536851948363
-85.73039545104271,-29.581974777760813,上海,海淀区,华北,街道789,2023-02-02 21:00:00,0.5254180330535035
-21.625016368172084,20.89204146913808,北京,东城区,华南,街道790,2023-02-02 22:00:00,0.409603578949997
170.52845448290253,-88.33630387623094,广州,海淀区,华南,街道791,2023-02-02 23:00:00,0.6358761894662811
126.7580291377954,63.236769033399526,上海,朝阳区,华中,街道792,2023-02-03 00:00:00,0.6292122717744391
155.50459521118847,20.892797242490758,上海,朝阳区,华中,街道793,2023-02-03 01:00:00,0.7135081595803807
93.7325378513716,73.11234477307212,上海,西城区,华南,街道794,2023-02-03 02:00:00,0.23923423364614138
-52.091909738556424,89.35993532246482,北京,海淀区,华北,街道795,2023-02-03 03:00:00,0.9698381448353101
-62.30080980418617,-89.77868998181195,杭州,西城区,华中,街道796,2023-02-03 04:00:00,0.08511467322542232
-11.460940231384171,-87.38010670049793,广州,海淀区,华东,街道797,2023-02-03 05:00:00,0.4369922242017591
-85.04433015699841,-56.2164082833791,北京,朝阳区,华东,街道798,2023-02-03 06:00:00,0.3582701643323608
-123.90339735146817,38.9195834044439,广州,东城区,华北,街道799,2023-02-03 07:00:00,0.6626484706003163
28.518007363788,19.532197197062445,深圳,西城区,华东,街道800,2023-02-03 08:00:00,0.9227446584546967
51.97852147968422,7.897729441601598,广州,西城区,华中,街道801,2023-02-03 09:00:00,0.2719157337862179
-37.64334740638438,-58.55854891089852,广州,朝阳区,华北,街道802,2023-02-03 10:00:00,0.38812739529736107
-39.228798066392926,84.91091626159613,杭州,朝阳区,华南,街道803,2023-02-03 11:00:00,0.33521163384771147
-126.37973059027959,7.70401331040965,杭州,西城区,华南,街道804,2023-02-03 12:00:00,0.883774563366007
-142.63839121829065,69.08223749186459,广州,海淀区,华北,街道805,2023-02-03 13:00:00,0.642747805322937
-133.1886333696076,30.591198556151852,广州,海淀区,华南,街道806,2023-02-03 14:00:00,0.0347756099872506
138.30793664606398,-36.13663432714515,上海,西城区,华北,街道807,2023-02-03 15:00:00,0.4788596493967735
147.92667081690092,-49.43628059311147,杭州,西城区,华东,街道808,2023-02-03 16:00:00,0.7727927254272943
159.19872961665868,47.355988418486476,杭州,东城区,华中,街道809,2023-02-03 17:00:00,0.07786556532225075
30.19176435607966,-77.50285379281769,上海,西城区,华东,街道810,2023-02-03 18:00:00,0.9832473673133175
-46.7679091527003,-3.4534907283189398,上海,朝阳区,华东,街道811,2023-02-03 19:00:00,0.6659353175607138
-86.41992654639773,81.31442625425845,北京,海淀区,华北,街道812,2023-02-03 20:00:00,0.9034344614311147
-115.50636113121337,44.739762244384934,上海,朝阳区,华北,街道813,2023-02-03 21:00:00,0.38985155394640014
85.72353405571477,-47.956072812133286,广州,海淀区,华北,街道814,2023-02-03 22:00:00,0.7174011895313959
139.47952544514646,77.71508358072691,上海,东城区,华北,街道815,2023-02-03 23:00:00,0.9528948221046037
-115.05271519775722,-8.943987780348849,上海,西城区,华东,街道816,2023-02-04 00:00:00,0.47113358205869194
133.84901373928847,-22.59013662025687,上海,朝阳区,华东,街道817,2023-02-04 01:00:00,0.2437910834860404
-168.95447432140372,63.79721453872324,杭州,东城区,华中,街道818,2023-02-04 02:00:00,0.8677793224778619
-142.06442318941626,-68.26041853038379,广州,朝阳区,华南,街道819,2023-02-04 03:00:00,0.3859493326187935
10.780896186290164,-66.75449970091469,杭州,东城区,华中,街道820,2023-02-04 04:00:00,0.8348349825671888
-99.98885660443176,65.62398525873317,深圳,海淀区,华东,街道821,2023-02-04 05:00:00,0.18967718299687297
-79.96660504550215,88.15835169422692,深圳,西城区,华北,街道822,2023-02-04 06:00:00,0.48646418045867035
-15.49503115735132,-0.29448861180817687,广州,西城区,华南,街道823,2023-02-04 07:00:00,0.1761633297680416
35.13788608720449,-56.36216761550411,广州,海淀区,华南,街道824,2023-02-04 08:00:00,0.26617106219903064
-95.67491594781292,39.141301297300146,深圳,朝阳区,华中,街道825,2023-02-04 09:00:00,0.7945248807402427
54.51500427157828,-4.554830799084101,上海,朝阳区,华南,街道826,2023-02-04 10:00:00,0.31157514561274235
8.151577735800487,19.3100131551719,北京,西城区,华中,街道827,2023-02-04 11:00:00,0.5619551754846543
-36.98820920484047,-10.71366285087339,深圳,东城区,华中,街道828,2023-02-04 12:00:00,0.3573637547850863
123.70264859451589,55.285163086209224,上海,东城区,华南,街道829,2023-02-04 13:00:00,0.36532340745255343
113.54333792675601,9.386376581443102,上海,东城区,华东,街道830,2023-02-04 14:00:00,0.4958329431119409
-135.23139342117244,29.35312443827172,深圳,西城区,华北,街道831,2023-02-04 15:00:00,0.8602093897416655
-156.47821728375993,10.123421650142589,杭州,朝阳区,华南,街道832,2023-02-04 16:00:00,0.6319515480932375
-13.242220056822589,-23.193717163363615,杭州,朝阳区,华北,街道833,2023-02-04 17:00:00,0.08289786926561526
-152.21045297500714,-72.88699894616022,上海,海淀区,华中,街道834,2023-02-04 18:00:00,0.29375812996980244
128.1381539860438,71.01875591899153,上海,东城区,华东,街道835,2023-02-04 19:00:00,0.8911737058855449
-24.615118224272805,-77.72781489423772,广州,东城区,华南,街道836,2023-02-04 20:00:00,0.046272165788187825
133.09132812664416,68.20281422263199,上海,西城区,华南,街道837,2023-02-04 21:00:00,0.6407022574802921
48.6252787151779,-53.50162327583294,广州,朝阳区,华东,街道838,2023-02-04 22:00:00,0.7264163521168882
2.4392015954085196,-8.516857105613113,杭州,朝阳区,华南,街道839,2023-02-04 23:00:00,0.3381735001086027
94.73075443167767,61.92376424262471,上海,朝阳区,华东,街道840,2023-02-05 00:00:00,0.9186098850313408
-57.50360406899304,7.325932527713292,北京,朝阳区,华东,街道841,2023-02-05 01:00:00,0.6214202572485448
-142.5652608114185,-88.41221197858636,杭州,东城区,华南,街道842,2023-02-05 02:00:00,0.6242136195970581
-60.709971811635754,-70.02564099821416,杭州,东城区,华中,街道843,2023-02-05 03:00:00,0.5268630721724847
149.14883749879198,-20.034075322519357,杭州,西城区,华东,街道844,2023-02-05 04:00:00,0.40678208799259796
-19.360814323215266,-26.89444662768998,北京,西城区,华东,街道845,2023-02-05 05:00:00,0.8103194371370128
-129.23687628910253,-78.17307747999837,北京,西城区,华北,街道846,2023-02-05 06:00:00,0.8363998697417567
130.0307736284504,-14.115664204117053,广州,朝阳区,华北,街道847,2023-02-05 07:00:00,0.8994502465471759
159.3785356015254,-44.140188726442794,广州,西城区,华东,街道848,2023-02-05 08:00:00,0.2309919345703475
30.57269488974802,-1.610916919433123,广州,东城区,华北,街道849,2023-02-05 09:00:00,0.4668642987195627
-93.5845167948192,22.963671675122598,北京,西城区,华南,街道850,2023-02-05 10:00:00,0.5503588568335483
-104.71752830402482,-44.174524953019976,北京,朝阳区,华东,街道851,2023-02-05 11:00:00,0.493725613240095
-70.17111997479277,-36.09988264824787,杭州,朝阳区,华中,街道852,2023-02-05 12:00:00,0.8924265482333855
166.5372983982818,-72.25726259627797,北京,西城区,华中,街道853,2023-02-05 13:00:00,0.05411349921128572
57.20916900143996,19.522506196280162,北京,西城区,华东,街道854,2023-02-05 14:00:00,0.261795953332028
103.09550898656772,-22.78541632922247,北京,海淀区,华东,街道855,2023-02-05 15:00:00,0.9082763238150764
166.00427471858632,-5.437382192797074,上海,朝阳区,华北,街道856,2023-02-05 16:00:00,0.8301786536558661
0.25275988333811483,-79.96563761248552,北京,西城区,华中,街道857,2023-02-05 17:00:00,0.744031266329695
-28.36034064529312,-44.426153980637,上海,朝阳区,华北,街道858,2023-02-05 18:00:00,0.3547731008050733
-5.561304049383182,25.23707106633232,杭州,东城区,华北,街道859,2023-02-05 19:00:00,0.072277339246269
73.05894604345994,-21.81391501641943,北京,海淀区,华北,街道860,2023-02-05 20:00:00,0.2878306890706518
-135.86679826760317,22.56752601524238,北京,西城区,华中,街道861,2023-02-05 21:00:00,0.43359761230863103
66.08782633883564,-77.83803289681373,上海,西城区,华东,街道862,2023-02-05 22:00:00,0.4248400749371778
-158.92969007599072,-13.532747398734301,上海,海淀区,华南,街道863,2023-02-05 23:00:00,0.7331795795968411
160.97313131306385,-29.827589095146344,广州,海淀区,华东,街道864,2023-02-06 00:00:00,0.15636143215176368
90.48666926402831,74.18884124258895,广州,东城区,华北,街道865,2023-02-06 01:00:00,0.11434170576352587
58.93830184758252,75.0972043874279,杭州,西城区,华东,街道866,2023-02-06 02:00:00,0.04991766470159098
-46.77624966972775,3.703028611812357,杭州,海淀区,华北,街道867,2023-02-06 03:00:00,0.613916326591533
-67.90892702085591,-87.4613505683471,广州,海淀区,华南,街道868,2023-02-06 04:00:00,0.6188038025497368
-128.48647236702158,-65.54537875355426,杭州,东城区,华东,街道869,2023-02-06 05:00:00,0.23491291930134695
15.873745045720824,43.85326890686841,杭州,东城区,华北,街道870,2023-02-06 06:00:00,0.8090145244141541
-81.3313264488531,-14.937321668526423,上海,海淀区,华东,街道871,2023-02-06 07:00:00,0.8402663802807093
-173.5188394719375,56.18072913012779,上海,东城区,华东,街道872,2023-02-06 08:00:00,0.6466212485728589
-115.17669598700485,-47.88785008071231,广州,东城区,华东,街道873,2023-02-06 09:00:00,0.05213364844486612
-77.21444773241367,-32.611719908583716,深圳,海淀区,华南,街道874,2023-02-06 10:00:00,0.06554801968431445
110.61344309020768,59.56228174854701,上海,东城区,华中,街道875,2023-02-06 11:00:00,0.8634692114892561
164.24357694963106,32.62457995974377,上海,西城区,华北,街道876,2023-02-06 12:00:00,0.6150161587358367
150.81398731566213,-33.94468812824628,上海,海淀区,华中,街道877,2023-02-06 13:00:00,0.09711918951911214
47.87459049388764,30.781957767093687,广州,西城区,华北,街道878,2023-02-06 14:00:00,0.5366335077568182
-103.72299500926279,-89.30026468008306,深圳,海淀区,华中,街道879,2023-02-06 15:00:00,0.03156640427935575
-164.2252499249688,13.916162326279618,广州,西城区,华中,街道880,2023-02-06 16:00:00,0.2241462393529431
81.39437803926063,34.07197614230239,上海,东城区,华东,街道881,2023-02-06 17:00:00,0.4172241533642306
-171.71416341315341,-89.55935214092005,深圳,东城区,华东,街道882,2023-02-06 18:00:00,0.45213417937481704
35.69967066911366,-16.44081598264148,深圳,西城区,华北,街道883,2023-02-06 19:00:00,0.8770413941863437
-162.06728238989365,-43.782846911769425,北京,海淀区,华北,街道884,2023-02-06 20:00:00,0.036058403575808806
-90.08030020934531,10.80033021471344,杭州,朝阳区,华中,街道885,2023-02-06 21:00:00,0.4763232357749946
119.51842832903418,-76.3695794852425,杭州,西城区,华北,街道886,2023-02-06 22:00:00,0.03446876588202685
113.33507501926493,60.383706979562135,深圳,朝阳区,华中,街道887,2023-02-06 23:00:00,0.5956790802853644
152.4028061654305,89.54602027755837,北京,海淀区,华南,街道888,2023-02-07 00:00:00,0.2896091238676871
144.64873744457952,-45.16992080951203,广州,西城区,华南,街道889,2023-02-07 01:00:00,0.03530201452440063
33.192624353702314,-31.63394572644244,上海,东城区,华南,街道890,2023-02-07 02:00:00,0.935257252020068
-175.68772899930082,16.239513942785194,北京,东城区,华南,街道891,2023-02-07 03:00:00,0.9960064420781292
-174.01839501401483,-28.345060862798682,北京,西城区,华东,街道892,2023-02-07 04:00:00,0.9983879598784136
-105.40827592114483,2.232243632503767,上海,朝阳区,华中,街道893,2023-02-07 05:00:00,0.941085826071957
-149.531914139739,44.183651520203966,上海,海淀区,华北,街道894,2023-02-07 06:00:00,0.24318277358437268
120.25730713681111,56.61819602956916,北京,海淀区,华中,街道895,2023-02-07 07:00:00,0.5225457302764218
17.61954075428622,69.73181910908636,广州,海淀区,华中,街道896,2023-02-07 08:00:00,0.20360228349377563
16.849351187092225,89.16380498216876,北京,东城区,华南,街道897,2023-02-07 09:00:00,0.7932103687282777
-64.88192427257795,87.7231630714553,深圳,西城区,华北,街道898,2023-02-07 10:00:00,0.44432003442329215
93.29365758256489,-87.45571590532771,杭州,海淀区,华东,街道899,2023-02-07 11:00:00,0.4953161043946218
11.717976628676325,-69.74406337964804,上海,海淀区,华南,街道900,2023-02-07 12:00:00,0.5183731232370468
30.82853045316304,-24.507729267019627,深圳,海淀区,华中,街道901,2023-02-07 13:00:00,0.22742096205929785
126.39176045879589,49.316306523648166,深圳,东城区,华南,街道902,2023-02-07 14:00:00,0.27034531288461594
-174.71378732706768,-69.93790478469246,广州,朝阳区,华中,街道903,2023-02-07 15:00:00,0.8385032557981448
97.383290047213,-10.815902624564416,北京,朝阳区,华南,街道904,2023-02-07 16:00:00,0.4001038825779547
2.6847981231225617,-57.63002586071548,杭州,西城区,华东,街道905,2023-02-07 17:00:00,0.5770481988852817
-122.11738990727932,20.534485890810117,广州,朝阳区,华中,街道906,2023-02-07 18:00:00,0.0461989816258499
-96.20470631373482,18.10701671384912,杭州,西城区,华北,街道907,2023-02-07 19:00:00,0.7229062021130037
122.91290233506828,-51.11832647514843,广州,西城区,华中,街道908,2023-02-07 20:00:00,0.7547858905977176
35.891829879560134,-21.637212095590456,上海,朝阳区,华北,街道909,2023-02-07 21:00:00,0.8574360632089287
133.27508815089158,-33.60556092857506,杭州,朝阳区,华北,街道910,2023-02-07 22:00:00,0.7095894238295574
149.5007975883069,-32.62898846003039,北京,朝阳区,华南,街道911,2023-02-07 23:00:00,0.7143793757005268
-106.07394509944841,81.01221054023645,杭州,东城区,华北,街道912,2023-02-08 00:00:00,0.8329794577972558
42.819206131430974,79.59694168493243,杭州,朝阳区,华北,街道913,2023-02-08 01:00:00,0.600861477189505
-48.63676915022691,3.1306495262339524,杭州,东城区,华北,街道914,2023-02-08 02:00:00,0.6685934543339815
-110.32145431695385,-6.02631213073461,上海,西城区,华中,街道915,2023-02-08 03:00:00,0.14907348794870623
113.02805698533001,35.40167199350759,上海,西城区,华南,街道916,2023-02-08 04:00:00,0.6263066890361025
30.313302504216978,-34.83792315701868,上海,海淀区,华北,街道917,2023-02-08 05:00:00,0.8329780328613479
90.32757096233809,-88.8385920537222,广州,朝阳区,华东,街道918,2023-02-08 06:00:00,0.6721710157160963
131.27090941505963,13.506427578385853,深圳,西城区,华北,街道919,2023-02-08 07:00:00,0.27659329593687965
94.03454296424121,-17.012169792849235,杭州,东城区,华南,街道920,2023-02-08 08:00:00,0.8602966885575357
-85.51150804329332,20.15529440189762,深圳,东城区,华中,街道921,2023-02-08 09:00:00,0.6800827532080421
-15.452521302806645,-37.986630033896404,北京,朝阳区,华东,街道922,2023-02-08 10:00:00,0.7311748162283297
49.94128063369081,-54.98102639340876,广州,朝阳区,华北,街道923,2023-02-08 11:00:00,0.23599861261986843
92.68523375386877,48.94048320163816,深圳,海淀区,华东,街道924,2023-02-08 12:00:00,0.16200954941067025
-19.954225347749656,46.672286327685896,杭州,海淀区,华东,街道925,2023-02-08 13:00:00,0.6018237164025698
173.16984609393575,-53.710033471595665,北京,西城区,华南,街道926,2023-02-08 14:00:00,0.7685955857114765
-17.714973433213828,15.982528289923891,杭州,朝阳区,华北,街道927,2023-02-08 15:00:00,0.7235323629923036
153.4444871206311,-10.367395565020004,杭州,东城区,华南,街道928,2023-02-08 16:00:00,0.11110739386001822
-128.51276890407854,-65.47604322959042,杭州,海淀区,华南,街道929,2023-02-08 17:00:00,0.12431539731918773
169.60036227803477,10.079473222553972,杭州,朝阳区,华东,街道930,2023-02-08 18:00:00,0.8322071706044873
47.78115702564452,4.006006628785201,杭州,海淀区,华南,街道931,2023-02-08 19:00:00,0.04914550059701073
-154.86305647087966,38.23258262442377,广州,海淀区,华北,街道932,2023-02-08 20:00:00,0.5892640238862581
-152.05927907885376,78.33883817380669,广州,西城区,华东,街道933,2023-02-08 21:00:00,0.22291780080456536
90.81715529210351,-14.133061824884095,上海,朝阳区,华北,街道934,2023-02-08 22:00:00,0.8249350619695411
177.21943817848324,-48.89137766454982,杭州,海淀区,华南,街道935,2023-02-08 23:00:00,0.2947289209830437
148.16272280876012,16.324869967108384,上海,朝阳区,华中,街道936,2023-02-09 00:00:00,0.9612677239629904
-74.52611556152065,37.01115074917682,上海,东城区,华南,街道937,2023-02-09 01:00:00,0.10468496069372135
118.79266539663053,33.172458802309336,北京,东城区,华北,街道938,2023-02-09 02:00:00,0.61449044792607
48.8535486251742,-18.33584436336544,广州,东城区,华中,街道939,2023-02-09 03:00:00,0.14622400467670682
-9.873486089608491,-19.721308454628,广州,朝阳区,华北,街道940,2023-02-09 04:00:00,0.3530063248388049
-53.555638570776864,11.540100707129284,杭州,海淀区,华东,街道941,2023-02-09 05:00:00,0.5409318211621779
12.0457070082376,-65.96454638146261,北京,海淀区,华北,街道942,2023-02-09 06:00:00,0.6663631405214405
-71.19620248673557,-63.42950822322284,广州,海淀区,华南,街道943,2023-02-09 07:00:00,0.061353191497798276
-51.8427681329282,16.732346125309093,深圳,海淀区,华南,街道944,2023-02-09 08:00:00,0.2338507450344013
152.40050802413924,-43.65430317636527,杭州,朝阳区,华北,街道945,2023-02-09 09:00:00,0.406855380285743
-109.70803018575255,5.733701897475896,上海,西城区,华北,街道946,2023-02-09 10:00:00,0.48004289441260095
14.105988737207696,56.73718481256415,上海,朝阳区,华南,街道947,2023-02-09 11:00:00,0.819931667675008
-50.62577437142207,-13.127029837314382,上海,东城区,华北,街道948,2023-02-09 12:00:00,0.8384553050116718
-77.90554114878304,-21.73410395555014,北京,海淀区,华南,街道949,2023-02-09 13:00:00,0.676389273527537
160.9995943113089,85.56516363445965,深圳,海淀区,华南,街道950,2023-02-09 14:00:00,0.27105091589336283
35.251459419309725,54.50116270997185,杭州,东城区,华中,街道951,2023-02-09 15:00:00,0.2450285193962265
158.40440063888468,-31.37655011386324,深圳,海淀区,华南,街道952,2023-02-09 16:00:00,0.9757307784944368
9.962081493273928,75.70853650218172,广州,海淀区,华东,街道953,2023-02-09 17:00:00,0.5051280156828957
38.47428315721737,-57.718392440796606,北京,朝阳区,华南,街道954,2023-02-09 18:00:00,0.5458954980621451
53.94365850367842,-13.017365890639496,深圳,西城区,华东,街道955,2023-02-09 19:00:00,0.1357569621058018
-144.8744098575322,-11.461870378362462,深圳,朝阳区,华中,街道956,2023-02-09 20:00:00,0.9289435493269551
-155.31713043776722,63.18842163498229,上海,朝阳区,华北,街道957,2023-02-09 21:00:00,0.9546725327413171
-30.056769619225236,1.30780747928776,广州,东城区,华北,街道958,2023-02-09 22:00:00,0.8230688941590462
80.23081169344113,44.83178212013894,北京,东城区,华中,街道959,2023-02-09 23:00:00,0.7396319418826547
120.71430276816295,-89.48045929403699,深圳,西城区,华北,街道960,2023-02-10 00:00:00,0.8824724192977595
-89.26387215882285,-19.22497983696462,深圳,西城区,华北,街道961,2023-02-10 01:00:00,0.7937691491550579
-154.9056038933376,-80.17208387867053,上海,西城区,华中,街道962,2023-02-10 02:00:00,0.8468505898418448
34.42639420885962,-12.398339208561879,广州,朝阳区,华东,街道963,2023-02-10 03:00:00,0.5104696219880357
76.91462037191138,-51.016453808211274,广州,海淀区,华南,街道964,2023-02-10 04:00:00,0.7349928817555861
134.31707945778197,45.179700850978236,深圳,海淀区,华南,街道965,2023-02-10 05:00:00,0.8490267109788269
-126.64669895949595,64.33446849343639,杭州,海淀区,华北,街道966,2023-02-10 06:00:00,0.7875477261740087
-7.527004568043623,51.044429808711755,上海,朝阳区,华中,街道967,2023-02-10 07:00:00,0.04208956143043885
-175.7247398264576,-2.3530610616763994,上海,东城区,华东,街道968,2023-02-10 08:00:00,0.7944361464684975
105.15817905158616,11.01592687911274,广州,海淀区,华东,街道969,2023-02-10 09:00:00,0.5057829214690228
-84.4603412011814,47.29402981841406,深圳,朝阳区,华南,街道970,2023-02-10 10:00:00,0.9842080805818113
124.07399330345754,49.94986296027983,上海,东城区,华北,街道971,2023-02-10 11:00:00,0.40758463142179524
-148.8216744648147,53.861312626345665,广州,西城区,华北,街道972,2023-02-10 12:00:00,0.5462872026348814
121.00975418448809,-83.6709989842945,上海,东城区,华北,街道973,2023-02-10 13:00:00,0.9985546546140861
-178.59123331759793,-3.925570566373608,北京,朝阳区,华东,街道974,2023-02-10 14:00:00,0.33402718400080345
-128.27820213067986,-47.06698357631906,深圳,东城区,华中,街道975,2023-02-10 15:00:00,0.5279052912883287
45.78185879305926,79.72899647568084,杭州,西城区,华北,街道976,2023-02-10 16:00:00,0.7829822000235811
-40.05988649205497,-21.67775715998242,北京,西城区,华北,街道977,2023-02-10 17:00:00,0.5468196376012209
57.540000378597,14.205787595224237,上海,海淀区,华中,街道978,2023-02-10 18:00:00,0.09388012950174651
23.0675457781291,29.741665705937905,北京,海淀区,华中,街道979,2023-02-10 19:00:00,0.3151118609854957
-151.32762889931902,74.50642550879269,北京,朝阳区,华南,街道980,2023-02-10 20:00:00,0.3181924024265519
-67.3820258579138,-34.90319017525075,广州,西城区,华南,街道981,2023-02-10 21:00:00,0.868355423791168
-63.15822685956947,81.43581647277551,深圳,海淀区,华南,街道982,2023-02-10 22:00:00,0.04306753745800085
45.329617731942506,51.174448350769666,北京,东城区,华中,街道983,2023-02-10 23:00:00,0.6837003229491191
123.61754768586627,74.05066212170792,广州,朝阳区,华中,街道984,2023-02-11 00:00:00,0.2722146814982904
-173.34561045719832,80.4860302501767,杭州,海淀区,华北,街道985,2023-02-11 01:00:00,0.3664499334204844
-3.4671189706826055,-52.148033190849155,广州,西城区,华东,街道986,2023-02-11 02:00:00,0.8547555578145698
76.85474746583805,60.18675554605505,广州,朝阳区,华中,街道987,2023-02-11 03:00:00,0.012483950047298298
-13.400463466119845,-21.108844386343506,北京,朝阳区,华东,街道988,2023-02-11 04:00:00,0.8558201090675073
27.570195109399236,-62.11928981570085,上海,西城区,华南,街道989,2023-02-11 05:00:00,0.2031168486871454
-153.0172235307004,-76.24149490846352,北京,海淀区,华北,街道990,2023-02-11 06:00:00,0.2868827825478997
84.08904644177215,-3.7384990332216717,北京,西城区,华中,街道991,2023-02-11 07:00:00,0.5772643175995943
142.550975689984,66.11855965532476,上海,海淀区,华中,街道992,2023-02-11 08:00:00,0.21599453674303715
68.81512204926864,76.49365185176902,广州,朝阳区,华北,街道993,2023-02-11 09:00:00,0.8715159105580074
157.9453079540433,29.926057447062476,北京,东城区,华南,街道994,2023-02-11 10:00:00,0.4263749453856863
0.6644720439825846,-85.19154023031355,深圳,西城区,华东,街道995,2023-02-11 11:00:00,0.8294536573012965
-176.88521084708196,-78.49096493549062,上海,西城区,华东,街道996,2023-02-11 12:00:00,0.691133492009292
-162.15387975225548,24.851432568791836,上海,朝阳区,华南,街道997,2023-02-11 13:00:00,0.28131992217056545
-98.43156476267818,42.69532364083008,杭州,朝阳区,华东,街道998,2023-02-11 14:00:00,0.6904075410175691
-127.16384709512175,23.37873132198429,杭州,东城区,华北,街道999,2023-02-11 15:00:00,0.6253385756521168
